[
{
  "model": "hoteis.local",
  "pk": 1,
  "fields": {
    "nome": "Serra Premium",
    "endereco": "Serra da Ibiapaba, Rural",
    "cidade": "Tianguá",
    "estado": "CE"
  }
},
{
  "model": "hoteis.local",
  "pk": 2,
  "fields": {
    "nome": "Alto Viçosa",
    "endereco": "Rua Matriz, 123",
    "cidade": "Viçosa do Ceará",
    "estado": "CE"
  }
},
{
  "model": "hoteis.local",
  "pk": 3,
  "fields": {
    "nome": "Encanto Ubajara",
    "endereco": "Estrada do Parque, S/N",
    "cidade": "Ubajara",
    "estado": "CE"
  }
},
{
  "model": "hoteis.local",
  "pk": 4,
  "fields": {
    "nome": "Tianguá Centro",
    "endereco": "Centro de Tianguá",
    "cidade": "Tianguá",
    "estado": "CE"
  }
},
{
  "model": "hoteis.local",
  "pk": 5,
  "fields": {
    "nome": "Serra da Serra",
    "endereco": "Serra da Ibiapaba, Rural",
    "cidade": "Tianguá",
    "estado": "CE"
  }
},
{
  "model": "hoteis.local",
  "pk": 6,
  "fields": {
    "nome": "Alto Visosa",
    "endereco": "Rua Matriz, 123",
    "cidade": "Viçosa do Ceará",
    "estado": "CE"
  }
},
{
  "model": "hoteis.hotel",
  "pk": 1,
  "fields": {
    "empresa": null,
    "nome": "Pousada da Serra",
    "descricao": "Uma pousada maravilhosa na serra da Ibiapaba com uma natureza rica e luzes quentes para relaxar.",
    "banner": "",
    "local": 1,
    "produtor": null,
    "status": "ativo",
    "destaque": true,
    "data_inicio": "2026-12-01",
    "horario_inicio": "14:00:00",
    "cor_primaria": "#f97316",
    "cor_secundaria": "#2563eb",
    "imagem_compartilhamento": "",
    "whatsapp": null,
    "hero_tipo": "imagem",
    "hero_video": "",
    "latitude": null,
    "longitude": null,
    "logo": "",
    "foto_fundo": "",
    "slug": "pousada-da-serra",
    "visualizacoes": 246
  }
},
{
  "model": "hoteis.hotel",
  "pk": 2,
  "fields": {
    "empresa": null,
    "nome": "Hotel Luxo Ibiapaba",
    "descricao": "Conforto moderno com vista infinita para o vale verde impecável. Um respiro profundo e total paz.",
    "banner": "",
    "local": 2,
    "produtor": null,
    "status": "ativo",
    "destaque": false,
    "data_inicio": null,
    "horario_inicio": null,
    "cor_primaria": "#f97316",
    "cor_secundaria": "#2563eb",
    "imagem_compartilhamento": "",
    "whatsapp": null,
    "hero_tipo": "imagem",
    "hero_video": "",
    "latitude": null,
    "longitude": null,
    "logo": "",
    "foto_fundo": "",
    "slug": "hotel-luxo-ibiapaba",
    "visualizacoes": 348
  }
},
{
  "model": "hoteis.hotel",
  "pk": 3,
  "fields": {
    "empresa": null,
    "nome": "Chalés Maciço Suíço",
    "descricao": "Chalés aconchegantes de madeira pura abraçados por uma floresta inteira na Ibiapaba.",
    "banner": "",
    "local": 3,
    "produtor": null,
    "status": "ativo",
    "destaque": false,
    "data_inicio": null,
    "horario_inicio": null,
    "cor_primaria": "#f97316",
    "cor_secundaria": "#2563eb",
    "imagem_compartilhamento": "",
    "whatsapp": null,
    "hero_tipo": "imagem",
    "hero_video": "",
    "latitude": null,
    "longitude": null,
    "logo": "",
    "foto_fundo": "",
    "slug": "chales-macico-suico",
    "visualizacoes": 294
  }
},
{
  "model": "hoteis.hotel",
  "pk": 4,
  "fields": {
    "empresa": 1,
    "nome": "Pousada Ramilos Tianguá",
    "descricao": "Pousada familiar no coraçăo de Tianguá, oferecendo muito conforto, aconchego e café da manhă serrano incrível.",
    "banner": "hoteis/banners/logopousada.png",
    "local": 4,
    "produtor": null,
    "status": "ativo",
    "destaque": false,
    "data_inicio": null,
    "horario_inicio": null,
    "cor_primaria": "#ffbb00",
    "cor_secundaria": "#7b5218",
    "imagem_compartilhamento": "hoteis/compartilhamento/logopousada.png",
    "whatsapp": "",
    "hero_tipo": "video",
    "hero_video": "hoteis/videos/mp__2.mp4",
    "latitude": "-3.743995",
    "longitude": "-41.007013",
    "logo": "hoteis/logos/logosemfundo.png",
    "foto_fundo": "hoteis/fundos/LOGO_-_POUSADA_RAMILOS.pdf_1.png",
    "slug": "pousadaramilostiangua",
    "visualizacoes": 384
  }
},
{
  "model": "hoteis.quarto",
  "pk": 1,
  "fields": {
    "hotel": 1,
    "nome": "Suíte Casal Premium",
    "slug": "suite-casal-premium",
    "descricao": "Cama King, Hidromassagem, Lareira",
    "preco": "550.00",
    "video_url": null,
    "video_arquivo": "",
    "capacidade_pessoas": 2,
    "tags": "",
    "comodidades": "",
    "tem_desconto_multidias": false,
    "dias_minimos_desconto": 3,
    "percentual_desconto": "0.00",
    "seo_titulo": null,
    "seo_descricao": null,
    "visualizacoes": 191
  }
},
{
  "model": "hoteis.quarto",
  "pk": 2,
  "fields": {
    "hotel": 1,
    "nome": "Quarto Simples",
    "slug": "quarto-simples",
    "descricao": "Cama Queen, Banheiro privado",
    "preco": "200.00",
    "video_url": null,
    "video_arquivo": "",
    "capacidade_pessoas": 2,
    "tags": "",
    "comodidades": "",
    "tem_desconto_multidias": false,
    "dias_minimos_desconto": 3,
    "percentual_desconto": "0.00",
    "seo_titulo": null,
    "seo_descricao": null,
    "visualizacoes": 266
  }
},
{
  "model": "hoteis.quarto",
  "pk": 3,
  "fields": {
    "hotel": 2,
    "nome": "Master Suit",
    "slug": "master-suit",
    "descricao": "Vista panorâmica do vale, sacada, café incluso na cama",
    "preco": "800.00",
    "video_url": null,
    "video_arquivo": "",
    "capacidade_pessoas": 2,
    "tags": "",
    "comodidades": "",
    "tem_desconto_multidias": false,
    "dias_minimos_desconto": 3,
    "percentual_desconto": "0.00",
    "seo_titulo": null,
    "seo_descricao": null,
    "visualizacoes": 241
  }
},
{
  "model": "hoteis.quarto",
  "pk": 4,
  "fields": {
    "hotel": 3,
    "nome": "Chalé do Bosque",
    "slug": "chale-do-bosque",
    "descricao": "Todo equipado, lareira externa privativa",
    "preco": "400.00",
    "video_url": null,
    "video_arquivo": "",
    "capacidade_pessoas": 2,
    "tags": "",
    "comodidades": "",
    "tem_desconto_multidias": false,
    "dias_minimos_desconto": 3,
    "percentual_desconto": "0.00",
    "seo_titulo": null,
    "seo_descricao": null,
    "visualizacoes": 201
  }
},
{
  "model": "hoteis.quarto",
  "pk": 5,
  "fields": {
    "hotel": 4,
    "nome": "Suíte Master Casal",
    "slug": "suite-master-casal",
    "descricao": "Suíte luxo com cama King Size, varanda com vista para a serra, banheira de hidromassagem e frigobar completo.",
    "preco": "250.00",
    "video_url": null,
    "video_arquivo": "",
    "capacidade_pessoas": 2,
    "tags": "",
    "comodidades": "",
    "tem_desconto_multidias": false,
    "dias_minimos_desconto": 3,
    "percentual_desconto": "0.00",
    "seo_titulo": null,
    "seo_descricao": null,
    "visualizacoes": 208
  }
},
{
  "model": "hoteis.quarto",
  "pk": 6,
  "fields": {
    "hotel": 4,
    "nome": "Chalé Familiar Serra",
    "slug": "chale-familiar-serra",
    "descricao": "Chalé rústico aconchegante de dois quartos, lareira ecológica, cozinha compacta e deck externo privativo.",
    "preco": "380.00",
    "video_url": null,
    "video_arquivo": "",
    "capacidade_pessoas": 2,
    "tags": "",
    "comodidades": "",
    "tem_desconto_multidias": false,
    "dias_minimos_desconto": 3,
    "percentual_desconto": "0.00",
    "seo_titulo": null,
    "seo_descricao": null,
    "visualizacoes": 217
  }
},
{
  "model": "hoteis.quarto",
  "pk": 7,
  "fields": {
    "hotel": 4,
    "nome": "Suíte Standard Single",
    "slug": "suite-standard-single",
    "descricao": "Acomodaçăo prática e confortável com cama de solteiro, ar-condicionado, Wi-Fi ultra-rápido e mesa de trabalho.",
    "preco": "150.00",
    "video_url": null,
    "video_arquivo": "",
    "capacidade_pessoas": 2,
    "tags": "",
    "comodidades": "",
    "tem_desconto_multidias": false,
    "dias_minimos_desconto": 3,
    "percentual_desconto": "0.00",
    "seo_titulo": null,
    "seo_descricao": null,
    "visualizacoes": 186
  }
},
{
  "model": "hoteis.quarto",
  "pk": 8,
  "fields": {
    "hotel": 4,
    "nome": "Suíte de casal premium",
    "slug": "suite-de-casal-premium",
    "descricao": "<p><strong>Suíte Brisa do Mar (ou \"Fingindo Riqueza\"):</strong> Um quarto com cama grande o suficiente para o casal năo precisar se encostar se estiverem brigados. Varanda instagramável, perfeita para deixar o café da manhă esfriar enquanto tiram 500 fotos para causar inveja nos parentes, e um banheiro com iluminaçăo excelente para vocę encarar as próprias olheiras no espelho.</p>",
    "preco": "350.00",
    "video_url": null,
    "video_arquivo": "quartos/videos/mp__2.mp4",
    "capacidade_pessoas": 2,
    "tags": "Casal,Romântico,Serra,Silencioso",
    "comodidades": "Ar Condicionado,Wi-Fi de Alta Velocidade,Café no Quarto",
    "tem_desconto_multidias": false,
    "dias_minimos_desconto": 3,
    "percentual_desconto": "0.00",
    "seo_titulo": "Suíte com vista para o mar",
    "seo_descricao": null,
    "visualizacoes": 257
  }
},
{
  "model": "hoteis.quartoimagem",
  "pk": 1,
  "fields": {
    "quarto": 8,
    "url_imagem": "quartos/galeria/Gemini_Generated_Image_f7ie5gf7ie5gf7ie.png",
    "ordem": 0
  }
},
{
  "model": "hoteis.quartoimagem",
  "pk": 2,
  "fields": {
    "quarto": 8,
    "url_imagem": "quartos/galeria/Gemini_Generated_Image_1a46801a46801a46.png",
    "ordem": 1
  }
},
{
  "model": "hoteis.quartoimagem",
  "pk": 3,
  "fields": {
    "quarto": 8,
    "url_imagem": "quartos/galeria/Gemini_Generated_Image_x1lw6jx1lw6jx1lw.png",
    "ordem": 2
  }
},
{
  "model": "hoteis.unidadequarto",
  "pk": 1,
  "fields": {
    "quarto": 5,
    "identificador": "Suíte 101",
    "ativa": true
  }
},
{
  "model": "hoteis.unidadequarto",
  "pk": 2,
  "fields": {
    "quarto": 5,
    "identificador": "Suíte 102",
    "ativa": true
  }
},
{
  "model": "hoteis.unidadequarto",
  "pk": 3,
  "fields": {
    "quarto": 6,
    "identificador": "Chalé 01",
    "ativa": true
  }
},
{
  "model": "hoteis.unidadequarto",
  "pk": 4,
  "fields": {
    "quarto": 6,
    "identificador": "Chalé 02",
    "ativa": true
  }
},
{
  "model": "hoteis.unidadequarto",
  "pk": 5,
  "fields": {
    "quarto": 7,
    "identificador": "Suíte 103",
    "ativa": true
  }
},
{
  "model": "hoteis.unidadequarto",
  "pk": 6,
  "fields": {
    "quarto": 7,
    "identificador": "Suíte 104",
    "ativa": true
  }
},
{
  "model": "hoteis.unidadequarto",
  "pk": 7,
  "fields": {
    "quarto": 8,
    "identificador": "78",
    "ativa": true
  }
},
{
  "model": "hoteis.unidadequarto",
  "pk": 8,
  "fields": {
    "quarto": 8,
    "identificador": "79",
    "ativa": true
  }
},
{
  "model": "hoteis.reserva",
  "pk": "27590328-a7aa-47cd-bb19-52e53c420045",
  "fields": {
    "usuario": 7,
    "unidade": 1,
    "data_checkin": "2026-05-22",
    "data_checkout": "2026-05-26",
    "subtotal": "0.00",
    "taxas": "0.00",
    "valor_total": "1000.00",
    "status": "confirmada",
    "canal_venda": "marketplace",
    "checkin_realizado_em": null,
    "checkout_realizado_em": null,
    "hospede_nome": null,
    "hospede_cpf": null,
    "hospede_email": null,
    "hospede_telefone": null,
    "hospede_rg": null,
    "hospede_nacionalidade": null,
    "hospede_profissao": null,
    "hospede_endereco": null,
    "quantidade_hospedes": 1,
    "taxa_servico_plataforma": "0.00",
    "taxa_gateway": "0.00",
    "repasse_parceiro": "0.00",
    "ganho_liquido_plataforma": "0.00",
    "criado_em": "2026-05-24T21:48:37.419Z",
    "atualizado_em": "2026-05-24T21:48:37.419Z"
  }
},
{
  "model": "hoteis.reserva",
  "pk": "5b2c5b56-e361-4728-b08b-99753617c6f0",
  "fields": {
    "usuario": 7,
    "unidade": 4,
    "data_checkin": "2026-05-23",
    "data_checkout": "2026-05-27",
    "subtotal": "0.00",
    "taxas": "0.00",
    "valor_total": "1520.00",
    "status": "confirmada",
    "canal_venda": "marketplace",
    "checkin_realizado_em": null,
    "checkout_realizado_em": null,
    "hospede_nome": null,
    "hospede_cpf": null,
    "hospede_email": null,
    "hospede_telefone": null,
    "hospede_rg": null,
    "hospede_nacionalidade": null,
    "hospede_profissao": null,
    "hospede_endereco": null,
    "quantidade_hospedes": 1,
    "taxa_servico_plataforma": "0.00",
    "taxa_gateway": "0.00",
    "repasse_parceiro": "0.00",
    "ganho_liquido_plataforma": "0.00",
    "criado_em": "2026-05-24T21:48:37.425Z",
    "atualizado_em": "2026-05-24T21:48:37.425Z"
  }
},
{
  "model": "hoteis.reserva",
  "pk": "5e6b6b0f-a29a-4b74-a39d-d9469ec076df",
  "fields": {
    "usuario": null,
    "unidade": 3,
    "data_checkin": "2026-05-28",
    "data_checkout": "2026-05-29",
    "subtotal": "500.00",
    "taxas": "0.00",
    "valor_total": "500.00",
    "status": "confirmada",
    "canal_venda": "walk-in",
    "checkin_realizado_em": null,
    "checkout_realizado_em": null,
    "hospede_nome": "Mateus Da Silva Sousa",
    "hospede_cpf": "",
    "hospede_email": "mateussilva.trabalho@outlook.com",
    "hospede_telefone": "88999200125",
    "hospede_rg": "20089936447",
    "hospede_nacionalidade": "Brasileira",
    "hospede_profissao": "Dev",
    "hospede_endereco": "Rua Tabeliăo Arthur de Vasconcelos, 25",
    "quantidade_hospedes": 2,
    "taxa_servico_plataforma": "0.00",
    "taxa_gateway": "0.00",
    "repasse_parceiro": "0.00",
    "ganho_liquido_plataforma": "0.00",
    "criado_em": "2026-05-29T04:21:44.275Z",
    "atualizado_em": "2026-05-29T04:21:44.275Z"
  }
},
{
  "model": "hoteis.reserva",
  "pk": "912f9b5c-fabe-48a3-98a2-c9f5e805b365",
  "fields": {
    "usuario": null,
    "unidade": 4,
    "data_checkin": "2026-05-29",
    "data_checkout": "2026-05-30",
    "subtotal": "0.00",
    "taxas": "0.00",
    "valor_total": "0.00",
    "status": "concluido",
    "canal_venda": "walk-in",
    "checkin_realizado_em": "2026-05-29T11:31:01.551Z",
    "checkout_realizado_em": "2026-05-29T11:31:06.866Z",
    "hospede_nome": "Mateus Da Silva Sousa",
    "hospede_cpf": "078.586.073-83",
    "hospede_email": "mateussilva.trabalho@outlook.com",
    "hospede_telefone": "88999200125",
    "hospede_rg": "20089936447",
    "hospede_nacionalidade": "Brasileira",
    "hospede_profissao": "Dev",
    "hospede_endereco": "Rua Tabeliăo Arthur de Vasconcelos, 25",
    "quantidade_hospedes": 3,
    "taxa_servico_plataforma": "0.00",
    "taxa_gateway": "0.00",
    "repasse_parceiro": "0.00",
    "ganho_liquido_plataforma": "0.00",
    "criado_em": "2026-05-29T04:30:34.327Z",
    "atualizado_em": "2026-05-29T11:31:08.053Z"
  }
},
{
  "model": "hoteis.parceirousuario",
  "pk": 1,
  "fields": {
    "user": 3,
    "hotel": 4,
    "role": "proprietario",
    "cpf": "111.222.333-44",
    "ativo": true
  }
},
{
  "model": "hoteis.parceirousuario",
  "pk": 2,
  "fields": {
    "user": 4,
    "hotel": 4,
    "role": "camareira",
    "cpf": "222.333.444-55",
    "ativo": true
  }
},
{
  "model": "hoteis.parceirousuario",
  "pk": 3,
  "fields": {
    "user": 5,
    "hotel": 4,
    "role": "manutencao",
    "cpf": "333.444.555-66",
    "ativo": true
  }
},
{
  "model": "hoteis.parceirousuario",
  "pk": 4,
  "fields": {
    "user": 6,
    "hotel": 4,
    "role": "portaria",
    "cpf": "444.555.666-77",
    "ativo": true
  }
},
{
  "model": "hoteis.tarefa",
  "pk": 1,
  "fields": {
    "hotel": 4,
    "titulo": "Limpeza pré-check-in",
    "descricao": "Preparar quarto com enxoval completo de luxo e aromatizaçăo serrana.",
    "prioridade": "normal",
    "status": "todo",
    "data_vencimento": "2026-05-24",
    "responsavel": 2,
    "unidade": 1,
    "reserva": null,
    "criado_em": "2026-05-24T21:49:06.744Z",
    "atualizado_em": "2026-05-25T13:02:20.376Z"
  }
},
{
  "model": "hoteis.tarefa",
  "pk": 2,
  "fields": {
    "hotel": 4,
    "titulo": "Revisar vazamento do chuveiro",
    "descricao": "Chuveiro elétrico pingando mesmo fechado. Verificar vedaçőes.",
    "prioridade": "alta",
    "status": "doing",
    "data_vencimento": "2026-05-24",
    "responsavel": 3,
    "unidade": 5,
    "reserva": null,
    "criado_em": "2026-05-24T21:49:06.749Z",
    "atualizado_em": "2026-05-24T21:49:06.749Z"
  }
},
{
  "model": "hoteis.tarefa",
  "pk": 3,
  "fields": {
    "hotel": 4,
    "titulo": "Higienizaçăo pós check-out",
    "descricao": "Limpeza pesada completa e troca de roupa de cama.",
    "prioridade": "normal",
    "status": "done",
    "data_vencimento": "2026-05-23",
    "responsavel": 2,
    "unidade": 4,
    "reserva": null,
    "criado_em": "2026-05-24T21:49:06.753Z",
    "atualizado_em": "2026-05-24T21:49:06.753Z"
  }
},
{
  "model": "hoteis.tarefa",
  "pk": 4,
  "fields": {
    "hotel": 4,
    "titulo": "Instalar novo roteador Wi-Fi",
    "descricao": "Trocar roteador antigo por modelo Wi-Fi 6 Mesh para cobrir o deck externo.",
    "prioridade": "normal",
    "status": "todo",
    "data_vencimento": "2026-05-25",
    "responsavel": 3,
    "unidade": 3,
    "reserva": null,
    "criado_em": "2026-05-24T21:49:06.758Z",
    "atualizado_em": "2026-05-24T21:49:06.758Z"
  }
},
{
  "model": "hoteis.tarefa",
  "pk": 5,
  "fields": {
    "hotel": 4,
    "titulo": "Vistoria e reposiçăo do frigobar",
    "descricao": "Repor águas, refrigerantes, cervejas artesanais e chocolates serranos.",
    "prioridade": "baixa",
    "status": "todo",
    "data_vencimento": "2026-05-23",
    "responsavel": 2,
    "unidade": 2,
    "reserva": null,
    "criado_em": "2026-05-24T21:49:06.762Z",
    "atualizado_em": "2026-05-25T13:02:16.690Z"
  }
},
{
  "model": "hoteis.tarefa",
  "pk": 6,
  "fields": {
    "hotel": 4,
    "titulo": "Reposiçăo de lenha para lareira",
    "descricao": "Abastecer o estoque de lenha e acendedores ecológicos do chalé.",
    "prioridade": "normal",
    "status": "doing",
    "data_vencimento": "2026-05-24",
    "responsavel": 2,
    "unidade": 6,
    "reserva": null,
    "criado_em": "2026-05-24T21:49:06.765Z",
    "atualizado_em": "2026-05-24T21:49:06.765Z"
  }
},
{
  "model": "hoteis.hospedereserva",
  "pk": "8d8217b0-79aa-4676-9db6-415463117f21",
  "fields": {
    "reserva": "912f9b5c-fabe-48a3-98a2-c9f5e805b365",
    "ordem": 1,
    "nome": "Mateus Da Silva Sousa",
    "cpf": "078.586.073-83",
    "email": "mateussilva.trabalho@outlook.com",
    "telefone": "88999200125",
    "rg": "20089936447",
    "nacionalidade": "Brasileira",
    "profissao": "Dev",
    "endereco": "Rua Tabeliăo Arthur de Vasconcelos, 25",
    "documento_frente": "default/clientes/hospedes/mateus_da_silva_sousa_07858607383/Convite_ao_Circuito_Serra_Se_u5pYscX.pdf",
    "documento_verso": "",
    "criado_em": "2026-05-29T04:30:34.371Z"
  }
},
{
  "model": "hoteis.hospedereserva",
  "pk": "93a543b2-5aae-42ca-9726-5b203a1016bc",
  "fields": {
    "reserva": "5e6b6b0f-a29a-4b74-a39d-d9469ec076df",
    "ordem": 1,
    "nome": "Mateus Da Silva Sousa",
    "cpf": "",
    "email": "mateussilva.trabalho@outlook.com",
    "telefone": "88999200125",
    "rg": "20089936447",
    "nacionalidade": "Brasileira",
    "profissao": "Dev",
    "endereco": "Rua Tabeliăo Arthur de Vasconcelos, 25",
    "documento_frente": "",
    "documento_verso": "",
    "criado_em": "2026-05-29T04:21:44.290Z"
  }
},
{
  "model": "hoteis.veiculoreserva",
  "pk": 1,
  "fields": {
    "reserva": "912f9b5c-fabe-48a3-98a2-c9f5e805b365",
    "placa": "OIP5G33",
    "modelo": "corollla",
    "cor": "preto"
  }
},
{
  "model": "hoteis.produtoconsumo",
  "pk": 1,
  "fields": {
    "hotel": 1,
    "estoque_produto": null,
    "nome": "Água Mineral sem Gás 500ml",
    "descricao": "Garrafa de água mineral gelada.",
    "preco": "4.00",
    "tipo": "bebida",
    "disponivel": true,
    "criado_em": "2026-05-29T13:18:05.504Z"
  }
},
{
  "model": "hoteis.produtoconsumo",
  "pk": 2,
  "fields": {
    "hotel": 1,
    "estoque_produto": null,
    "nome": "Água Mineral com Gás 500ml",
    "descricao": "Garrafa de água mineral com gás gelada.",
    "preco": "5.00",
    "tipo": "bebida",
    "disponivel": true,
    "criado_em": "2026-05-29T13:18:05.509Z"
  }
},
{
  "model": "hoteis.produtoconsumo",
  "pk": 3,
  "fields": {
    "hotel": 1,
    "estoque_produto": null,
    "nome": "Refrigerante Coca-Cola Lata 350ml",
    "descricao": "Coca-Cola em lata trincando de gelada.",
    "preco": "7.00",
    "tipo": "bebida",
    "disponivel": true,
    "criado_em": "2026-05-29T13:18:05.512Z"
  }
},
{
  "model": "hoteis.produtoconsumo",
  "pk": 4,
  "fields": {
    "hotel": 1,
    "estoque_produto": null,
    "nome": "Cerveja Heineken Long Neck 330ml",
    "descricao": "Cerveja premium Heineken.",
    "preco": "12.00",
    "tipo": "bebida",
    "disponivel": true,
    "criado_em": "2026-05-29T13:18:05.517Z"
  }
},
{
  "model": "hoteis.produtoconsumo",
  "pk": 5,
  "fields": {
    "hotel": 1,
    "estoque_produto": null,
    "nome": "Lanche Misto Quente",
    "descricao": "Păo de forma com queijo prato e presunto grelhados.",
    "preco": "18.00",
    "tipo": "comida",
    "disponivel": true,
    "criado_em": "2026-05-29T13:18:05.522Z"
  }
},
{
  "model": "hoteis.produtoconsumo",
  "pk": 6,
  "fields": {
    "hotel": 1,
    "estoque_produto": null,
    "nome": "Porçăo de Batata Frita Individual",
    "descricao": "Batatas selecionadas crocantes e douradas.",
    "preco": "22.00",
    "tipo": "comida",
    "disponivel": true,
    "criado_em": "2026-05-29T13:18:05.525Z"
  }
},
{
  "model": "hoteis.produtoconsumo",
  "pk": 7,
  "fields": {
    "hotel": 1,
    "estoque_produto": null,
    "nome": "Toalhas Extras (Banho/Rosto)",
    "descricao": "Solicitaçăo de apoio para toalhas extras no quarto.",
    "preco": "0.00",
    "tipo": "cortesia",
    "disponivel": true,
    "criado_em": "2026-05-29T13:18:05.529Z"
  }
},
{
  "model": "hoteis.produtoconsumo",
  "pk": 8,
  "fields": {
    "hotel": 1,
    "estoque_produto": null,
    "nome": "Abastecimento de Gelo em Balde",
    "descricao": "Balde de gelo complementar enviado pela copa.",
    "preco": "0.00",
    "tipo": "cortesia",
    "disponivel": true,
    "criado_em": "2026-05-29T13:18:05.534Z"
  }
},
{
  "model": "hoteis.produtoconsumo",
  "pk": 9,
  "fields": {
    "hotel": 1,
    "estoque_produto": null,
    "nome": "Café da Manhă Exclusivo no Quarto",
    "descricao": "Bandeira de café da manhă premium entregue na suíte.",
    "preco": "45.00",
    "tipo": "servico",
    "disponivel": true,
    "criado_em": "2026-05-29T13:18:05.540Z"
  }
},
{
  "model": "hoteis.produtoconsumo",
  "pk": 10,
  "fields": {
    "hotel": 2,
    "estoque_produto": null,
    "nome": "Água Mineral sem Gás 500ml",
    "descricao": "Garrafa de água mineral gelada.",
    "preco": "4.00",
    "tipo": "bebida",
    "disponivel": true,
    "criado_em": "2026-05-29T13:18:05.543Z"
  }
},
{
  "model": "hoteis.produtoconsumo",
  "pk": 11,
  "fields": {
    "hotel": 2,
    "estoque_produto": null,
    "nome": "Água Mineral com Gás 500ml",
    "descricao": "Garrafa de água mineral com gás gelada.",
    "preco": "5.00",
    "tipo": "bebida",
    "disponivel": true,
    "criado_em": "2026-05-29T13:18:05.547Z"
  }
},
{
  "model": "hoteis.produtoconsumo",
  "pk": 12,
  "fields": {
    "hotel": 2,
    "estoque_produto": null,
    "nome": "Refrigerante Coca-Cola Lata 350ml",
    "descricao": "Coca-Cola em lata trincando de gelada.",
    "preco": "7.00",
    "tipo": "bebida",
    "disponivel": true,
    "criado_em": "2026-05-29T13:18:05.552Z"
  }
},
{
  "model": "hoteis.produtoconsumo",
  "pk": 13,
  "fields": {
    "hotel": 2,
    "estoque_produto": null,
    "nome": "Cerveja Heineken Long Neck 330ml",
    "descricao": "Cerveja premium Heineken.",
    "preco": "12.00",
    "tipo": "bebida",
    "disponivel": true,
    "criado_em": "2026-05-29T13:18:05.555Z"
  }
},
{
  "model": "hoteis.produtoconsumo",
  "pk": 14,
  "fields": {
    "hotel": 2,
    "estoque_produto": null,
    "nome": "Lanche Misto Quente",
    "descricao": "Păo de forma com queijo prato e presunto grelhados.",
    "preco": "18.00",
    "tipo": "comida",
    "disponivel": true,
    "criado_em": "2026-05-29T13:18:05.559Z"
  }
},
{
  "model": "hoteis.produtoconsumo",
  "pk": 15,
  "fields": {
    "hotel": 2,
    "estoque_produto": null,
    "nome": "Porçăo de Batata Frita Individual",
    "descricao": "Batatas selecionadas crocantes e douradas.",
    "preco": "22.00",
    "tipo": "comida",
    "disponivel": true,
    "criado_em": "2026-05-29T13:18:05.563Z"
  }
},
{
  "model": "hoteis.produtoconsumo",
  "pk": 16,
  "fields": {
    "hotel": 2,
    "estoque_produto": null,
    "nome": "Toalhas Extras (Banho/Rosto)",
    "descricao": "Solicitaçăo de apoio para toalhas extras no quarto.",
    "preco": "0.00",
    "tipo": "cortesia",
    "disponivel": true,
    "criado_em": "2026-05-29T13:18:05.568Z"
  }
},
{
  "model": "hoteis.produtoconsumo",
  "pk": 17,
  "fields": {
    "hotel": 2,
    "estoque_produto": null,
    "nome": "Abastecimento de Gelo em Balde",
    "descricao": "Balde de gelo complementar enviado pela copa.",
    "preco": "0.00",
    "tipo": "cortesia",
    "disponivel": true,
    "criado_em": "2026-05-29T13:18:05.572Z"
  }
},
{
  "model": "hoteis.produtoconsumo",
  "pk": 18,
  "fields": {
    "hotel": 2,
    "estoque_produto": null,
    "nome": "Café da Manhă Exclusivo no Quarto",
    "descricao": "Bandeira de café da manhă premium entregue na suíte.",
    "preco": "45.00",
    "tipo": "servico",
    "disponivel": true,
    "criado_em": "2026-05-29T13:18:05.575Z"
  }
},
{
  "model": "hoteis.produtoconsumo",
  "pk": 19,
  "fields": {
    "hotel": 3,
    "estoque_produto": null,
    "nome": "Água Mineral sem Gás 500ml",
    "descricao": "Garrafa de água mineral gelada.",
    "preco": "4.00",
    "tipo": "bebida",
    "disponivel": true,
    "criado_em": "2026-05-29T13:18:05.579Z"
  }
},
{
  "model": "hoteis.produtoconsumo",
  "pk": 20,
  "fields": {
    "hotel": 3,
    "estoque_produto": null,
    "nome": "Água Mineral com Gás 500ml",
    "descricao": "Garrafa de água mineral com gás gelada.",
    "preco": "5.00",
    "tipo": "bebida",
    "disponivel": true,
    "criado_em": "2026-05-29T13:18:05.584Z"
  }
},
{
  "model": "hoteis.produtoconsumo",
  "pk": 21,
  "fields": {
    "hotel": 3,
    "estoque_produto": null,
    "nome": "Refrigerante Coca-Cola Lata 350ml",
    "descricao": "Coca-Cola em lata trincando de gelada.",
    "preco": "7.00",
    "tipo": "bebida",
    "disponivel": true,
    "criado_em": "2026-05-29T13:18:05.589Z"
  }
},
{
  "model": "hoteis.produtoconsumo",
  "pk": 22,
  "fields": {
    "hotel": 3,
    "estoque_produto": null,
    "nome": "Cerveja Heineken Long Neck 330ml",
    "descricao": "Cerveja premium Heineken.",
    "preco": "12.00",
    "tipo": "bebida",
    "disponivel": true,
    "criado_em": "2026-05-29T13:18:05.592Z"
  }
},
{
  "model": "hoteis.produtoconsumo",
  "pk": 23,
  "fields": {
    "hotel": 3,
    "estoque_produto": null,
    "nome": "Lanche Misto Quente",
    "descricao": "Păo de forma com queijo prato e presunto grelhados.",
    "preco": "18.00",
    "tipo": "comida",
    "disponivel": true,
    "criado_em": "2026-05-29T13:18:05.596Z"
  }
},
{
  "model": "hoteis.produtoconsumo",
  "pk": 24,
  "fields": {
    "hotel": 3,
    "estoque_produto": null,
    "nome": "Porçăo de Batata Frita Individual",
    "descricao": "Batatas selecionadas crocantes e douradas.",
    "preco": "22.00",
    "tipo": "comida",
    "disponivel": true,
    "criado_em": "2026-05-29T13:18:05.601Z"
  }
},
{
  "model": "hoteis.produtoconsumo",
  "pk": 25,
  "fields": {
    "hotel": 3,
    "estoque_produto": null,
    "nome": "Toalhas Extras (Banho/Rosto)",
    "descricao": "Solicitaçăo de apoio para toalhas extras no quarto.",
    "preco": "0.00",
    "tipo": "cortesia",
    "disponivel": true,
    "criado_em": "2026-05-29T13:18:05.606Z"
  }
},
{
  "model": "hoteis.produtoconsumo",
  "pk": 26,
  "fields": {
    "hotel": 3,
    "estoque_produto": null,
    "nome": "Abastecimento de Gelo em Balde",
    "descricao": "Balde de gelo complementar enviado pela copa.",
    "preco": "0.00",
    "tipo": "cortesia",
    "disponivel": true,
    "criado_em": "2026-05-29T13:18:05.609Z"
  }
},
{
  "model": "hoteis.produtoconsumo",
  "pk": 27,
  "fields": {
    "hotel": 3,
    "estoque_produto": null,
    "nome": "Café da Manhă Exclusivo no Quarto",
    "descricao": "Bandeira de café da manhă premium entregue na suíte.",
    "preco": "45.00",
    "tipo": "servico",
    "disponivel": true,
    "criado_em": "2026-05-29T13:18:05.612Z"
  }
},
{
  "model": "hoteis.produtoconsumo",
  "pk": 28,
  "fields": {
    "hotel": 4,
    "estoque_produto": null,
    "nome": "Água Mineral sem Gás 500ml",
    "descricao": "Garrafa de água mineral gelada.",
    "preco": "4.00",
    "tipo": "bebida",
    "disponivel": true,
    "criado_em": "2026-05-29T13:18:05.617Z"
  }
},
{
  "model": "hoteis.produtoconsumo",
  "pk": 29,
  "fields": {
    "hotel": 4,
    "estoque_produto": null,
    "nome": "Água Mineral com Gás 500ml",
    "descricao": "Garrafa de água mineral com gás gelada.",
    "preco": "5.00",
    "tipo": "bebida",
    "disponivel": true,
    "criado_em": "2026-05-29T13:18:05.622Z"
  }
},
{
  "model": "hoteis.produtoconsumo",
  "pk": 30,
  "fields": {
    "hotel": 4,
    "estoque_produto": null,
    "nome": "Refrigerante Coca-Cola Lata 350ml",
    "descricao": "Coca-Cola em lata trincando de gelada.",
    "preco": "7.00",
    "tipo": "bebida",
    "disponivel": true,
    "criado_em": "2026-05-29T13:18:05.625Z"
  }
},
{
  "model": "hoteis.produtoconsumo",
  "pk": 31,
  "fields": {
    "hotel": 4,
    "estoque_produto": null,
    "nome": "Cerveja Heineken Long Neck 330ml",
    "descricao": "Cerveja premium Heineken.",
    "preco": "12.00",
    "tipo": "bebida",
    "disponivel": true,
    "criado_em": "2026-05-29T13:18:05.629Z"
  }
},
{
  "model": "hoteis.produtoconsumo",
  "pk": 32,
  "fields": {
    "hotel": 4,
    "estoque_produto": null,
    "nome": "Lanche Misto Quente",
    "descricao": "Păo de forma com queijo prato e presunto grelhados.",
    "preco": "18.00",
    "tipo": "comida",
    "disponivel": true,
    "criado_em": "2026-05-29T13:18:05.632Z"
  }
},
{
  "model": "hoteis.produtoconsumo",
  "pk": 33,
  "fields": {
    "hotel": 4,
    "estoque_produto": null,
    "nome": "Porçăo de Batata Frita Individual",
    "descricao": "Batatas selecionadas crocantes e douradas.",
    "preco": "22.00",
    "tipo": "comida",
    "disponivel": true,
    "criado_em": "2026-05-29T13:18:05.637Z"
  }
},
{
  "model": "hoteis.produtoconsumo",
  "pk": 34,
  "fields": {
    "hotel": 4,
    "estoque_produto": null,
    "nome": "Toalhas Extras (Banho/Rosto)",
    "descricao": "Solicitaçăo de apoio para toalhas extras no quarto.",
    "preco": "0.00",
    "tipo": "cortesia",
    "disponivel": true,
    "criado_em": "2026-05-29T13:18:05.642Z"
  }
},
{
  "model": "hoteis.produtoconsumo",
  "pk": 35,
  "fields": {
    "hotel": 4,
    "estoque_produto": null,
    "nome": "Abastecimento de Gelo em Balde",
    "descricao": "Balde de gelo complementar enviado pela copa.",
    "preco": "0.00",
    "tipo": "cortesia",
    "disponivel": true,
    "criado_em": "2026-05-29T13:18:05.646Z"
  }
},
{
  "model": "hoteis.produtoconsumo",
  "pk": 36,
  "fields": {
    "hotel": 4,
    "estoque_produto": null,
    "nome": "Café da Manhă Exclusivo no Quarto",
    "descricao": "Bandeira de café da manhă premium entregue na suíte.",
    "preco": "45.00",
    "tipo": "servico",
    "disponivel": true,
    "criado_em": "2026-05-29T13:18:05.652Z"
  }
},
{
  "model": "hoteis.produtoconsumo",
  "pk": 37,
  "fields": {
    "hotel": 1,
    "estoque_produto": 1,
    "nome": "Cerveja Stella Artois Long Neck (330ml)",
    "descricao": "Cerveja Premium Stella Artois 330ml",
    "preco": "10.00",
    "tipo": "bebida",
    "disponivel": true,
    "criado_em": "2026-06-05T12:09:07.971Z"
  }
},
{
  "model": "hoteis.produtoconsumo",
  "pk": 38,
  "fields": {
    "hotel": 1,
    "estoque_produto": 2,
    "nome": "Cerveja Brahma Chopp Lata (350ml)",
    "descricao": "Cerveja Brahma Chopp Lata 350ml",
    "preco": "6.00",
    "tipo": "bebida",
    "disponivel": true,
    "criado_em": "2026-06-05T12:09:07.984Z"
  }
},
{
  "model": "hoteis.produtoconsumo",
  "pk": 39,
  "fields": {
    "hotel": 1,
    "estoque_produto": 3,
    "nome": "Cerveja Skol Lata (350ml)",
    "descricao": "Cerveja Skol Lata 350ml",
    "preco": "5.50",
    "tipo": "bebida",
    "disponivel": true,
    "criado_em": "2026-06-05T12:09:07.993Z"
  }
},
{
  "model": "hoteis.produtoconsumo",
  "pk": 40,
  "fields": {
    "hotel": 1,
    "estoque_produto": 4,
    "nome": "Cerveja Corona Extra Long Neck (330ml)",
    "descricao": "Cerveja Corona Extra Long Neck 330ml",
    "preco": "12.00",
    "tipo": "bebida",
    "disponivel": true,
    "criado_em": "2026-06-05T12:09:08.005Z"
  }
},
{
  "model": "hoteis.produtoconsumo",
  "pk": 41,
  "fields": {
    "hotel": 1,
    "estoque_produto": 5,
    "nome": "Guaraná Antarctica Lata (350ml)",
    "descricao": "Refrigerante Guaraná Antarctica Lata 350ml",
    "preco": "5.00",
    "tipo": "bebida",
    "disponivel": true,
    "criado_em": "2026-06-05T12:09:08.016Z"
  }
},
{
  "model": "hoteis.produtoconsumo",
  "pk": 42,
  "fields": {
    "hotel": 1,
    "estoque_produto": 6,
    "nome": "Coca-Cola Lata (350ml)",
    "descricao": "Refrigerante Coca-Cola Lata 350ml",
    "preco": "6.00",
    "tipo": "bebida",
    "disponivel": true,
    "criado_em": "2026-06-05T12:09:08.025Z"
  }
},
{
  "model": "hoteis.produtoconsumo",
  "pk": 43,
  "fields": {
    "hotel": 1,
    "estoque_produto": 7,
    "nome": "Coca-Cola Zero Lata (350ml)",
    "descricao": "Refrigerante Coca-Cola Zero Lata 350ml",
    "preco": "6.00",
    "tipo": "bebida",
    "disponivel": true,
    "criado_em": "2026-06-05T12:09:08.036Z"
  }
},
{
  "model": "hoteis.produtoconsumo",
  "pk": 44,
  "fields": {
    "hotel": 1,
    "estoque_produto": 8,
    "nome": "Água Mineral Sem Gás (500ml)",
    "descricao": "Água mineral natural sem gás 500ml",
    "preco": "4.00",
    "tipo": "bebida",
    "disponivel": true,
    "criado_em": "2026-06-05T12:09:08.048Z"
  }
},
{
  "model": "hoteis.produtoconsumo",
  "pk": 45,
  "fields": {
    "hotel": 1,
    "estoque_produto": 9,
    "nome": "Água Mineral Com Gás (500ml)",
    "descricao": "Água mineral natural com gás 500ml",
    "preco": "4.50",
    "tipo": "bebida",
    "disponivel": true,
    "criado_em": "2026-06-05T12:09:08.057Z"
  }
},
{
  "model": "hoteis.produtoconsumo",
  "pk": 46,
  "fields": {
    "hotel": 2,
    "estoque_produto": 16,
    "nome": "Cerveja Stella Artois Long Neck (330ml)",
    "descricao": "Cerveja Premium Stella Artois 330ml",
    "preco": "10.00",
    "tipo": "bebida",
    "disponivel": true,
    "criado_em": "2026-06-05T12:09:08.158Z"
  }
},
{
  "model": "hoteis.produtoconsumo",
  "pk": 47,
  "fields": {
    "hotel": 2,
    "estoque_produto": 17,
    "nome": "Cerveja Brahma Chopp Lata (350ml)",
    "descricao": "Cerveja Brahma Chopp Lata 350ml",
    "preco": "6.00",
    "tipo": "bebida",
    "disponivel": true,
    "criado_em": "2026-06-05T12:09:08.169Z"
  }
},
{
  "model": "hoteis.produtoconsumo",
  "pk": 48,
  "fields": {
    "hotel": 2,
    "estoque_produto": 18,
    "nome": "Cerveja Skol Lata (350ml)",
    "descricao": "Cerveja Skol Lata 350ml",
    "preco": "5.50",
    "tipo": "bebida",
    "disponivel": true,
    "criado_em": "2026-06-05T12:09:08.180Z"
  }
},
{
  "model": "hoteis.produtoconsumo",
  "pk": 49,
  "fields": {
    "hotel": 2,
    "estoque_produto": 19,
    "nome": "Cerveja Corona Extra Long Neck (330ml)",
    "descricao": "Cerveja Corona Extra Long Neck 330ml",
    "preco": "12.00",
    "tipo": "bebida",
    "disponivel": true,
    "criado_em": "2026-06-05T12:09:08.191Z"
  }
},
{
  "model": "hoteis.produtoconsumo",
  "pk": 50,
  "fields": {
    "hotel": 2,
    "estoque_produto": 20,
    "nome": "Guaraná Antarctica Lata (350ml)",
    "descricao": "Refrigerante Guaraná Antarctica Lata 350ml",
    "preco": "5.00",
    "tipo": "bebida",
    "disponivel": true,
    "criado_em": "2026-06-05T12:09:08.205Z"
  }
},
{
  "model": "hoteis.produtoconsumo",
  "pk": 51,
  "fields": {
    "hotel": 2,
    "estoque_produto": 21,
    "nome": "Coca-Cola Lata (350ml)",
    "descricao": "Refrigerante Coca-Cola Lata 350ml",
    "preco": "6.00",
    "tipo": "bebida",
    "disponivel": true,
    "criado_em": "2026-06-05T12:09:08.217Z"
  }
},
{
  "model": "hoteis.produtoconsumo",
  "pk": 52,
  "fields": {
    "hotel": 2,
    "estoque_produto": 22,
    "nome": "Coca-Cola Zero Lata (350ml)",
    "descricao": "Refrigerante Coca-Cola Zero Lata 350ml",
    "preco": "6.00",
    "tipo": "bebida",
    "disponivel": true,
    "criado_em": "2026-06-05T12:09:08.229Z"
  }
},
{
  "model": "hoteis.produtoconsumo",
  "pk": 53,
  "fields": {
    "hotel": 2,
    "estoque_produto": 23,
    "nome": "Água Mineral Sem Gás (500ml)",
    "descricao": "Água mineral natural sem gás 500ml",
    "preco": "4.00",
    "tipo": "bebida",
    "disponivel": true,
    "criado_em": "2026-06-05T12:09:08.239Z"
  }
},
{
  "model": "hoteis.produtoconsumo",
  "pk": 54,
  "fields": {
    "hotel": 2,
    "estoque_produto": 24,
    "nome": "Água Mineral Com Gás (500ml)",
    "descricao": "Água mineral natural com gás 500ml",
    "preco": "4.50",
    "tipo": "bebida",
    "disponivel": true,
    "criado_em": "2026-06-05T12:09:08.250Z"
  }
},
{
  "model": "hoteis.produtoconsumo",
  "pk": 55,
  "fields": {
    "hotel": 3,
    "estoque_produto": 31,
    "nome": "Cerveja Stella Artois Long Neck (330ml)",
    "descricao": "Cerveja Premium Stella Artois 330ml",
    "preco": "10.00",
    "tipo": "bebida",
    "disponivel": true,
    "criado_em": "2026-06-05T12:09:08.331Z"
  }
},
{
  "model": "hoteis.produtoconsumo",
  "pk": 56,
  "fields": {
    "hotel": 3,
    "estoque_produto": 32,
    "nome": "Cerveja Brahma Chopp Lata (350ml)",
    "descricao": "Cerveja Brahma Chopp Lata 350ml",
    "preco": "6.00",
    "tipo": "bebida",
    "disponivel": true,
    "criado_em": "2026-06-05T12:09:08.341Z"
  }
},
{
  "model": "hoteis.produtoconsumo",
  "pk": 57,
  "fields": {
    "hotel": 3,
    "estoque_produto": 33,
    "nome": "Cerveja Skol Lata (350ml)",
    "descricao": "Cerveja Skol Lata 350ml",
    "preco": "5.50",
    "tipo": "bebida",
    "disponivel": true,
    "criado_em": "2026-06-05T12:09:08.353Z"
  }
},
{
  "model": "hoteis.produtoconsumo",
  "pk": 58,
  "fields": {
    "hotel": 3,
    "estoque_produto": 34,
    "nome": "Cerveja Corona Extra Long Neck (330ml)",
    "descricao": "Cerveja Corona Extra Long Neck 330ml",
    "preco": "12.00",
    "tipo": "bebida",
    "disponivel": true,
    "criado_em": "2026-06-05T12:09:08.363Z"
  }
},
{
  "model": "hoteis.produtoconsumo",
  "pk": 59,
  "fields": {
    "hotel": 3,
    "estoque_produto": 35,
    "nome": "Guaraná Antarctica Lata (350ml)",
    "descricao": "Refrigerante Guaraná Antarctica Lata 350ml",
    "preco": "5.00",
    "tipo": "bebida",
    "disponivel": true,
    "criado_em": "2026-06-05T12:09:08.373Z"
  }
},
{
  "model": "hoteis.produtoconsumo",
  "pk": 60,
  "fields": {
    "hotel": 3,
    "estoque_produto": 36,
    "nome": "Coca-Cola Lata (350ml)",
    "descricao": "Refrigerante Coca-Cola Lata 350ml",
    "preco": "6.00",
    "tipo": "bebida",
    "disponivel": true,
    "criado_em": "2026-06-05T12:09:08.385Z"
  }
},
{
  "model": "hoteis.produtoconsumo",
  "pk": 61,
  "fields": {
    "hotel": 3,
    "estoque_produto": 37,
    "nome": "Coca-Cola Zero Lata (350ml)",
    "descricao": "Refrigerante Coca-Cola Zero Lata 350ml",
    "preco": "6.00",
    "tipo": "bebida",
    "disponivel": true,
    "criado_em": "2026-06-05T12:09:08.396Z"
  }
},
{
  "model": "hoteis.produtoconsumo",
  "pk": 62,
  "fields": {
    "hotel": 3,
    "estoque_produto": 38,
    "nome": "Água Mineral Sem Gás (500ml)",
    "descricao": "Água mineral natural sem gás 500ml",
    "preco": "4.00",
    "tipo": "bebida",
    "disponivel": true,
    "criado_em": "2026-06-05T12:09:08.406Z"
  }
},
{
  "model": "hoteis.produtoconsumo",
  "pk": 63,
  "fields": {
    "hotel": 3,
    "estoque_produto": 39,
    "nome": "Água Mineral Com Gás (500ml)",
    "descricao": "Água mineral natural com gás 500ml",
    "preco": "4.50",
    "tipo": "bebida",
    "disponivel": true,
    "criado_em": "2026-06-05T12:09:08.418Z"
  }
},
{
  "model": "hoteis.produtoconsumo",
  "pk": 64,
  "fields": {
    "hotel": 4,
    "estoque_produto": 46,
    "nome": "Cerveja Stella Artois Long Neck (330ml)",
    "descricao": "Cerveja Premium Stella Artois 330ml",
    "preco": "10.00",
    "tipo": "bebida",
    "disponivel": true,
    "criado_em": "2026-06-05T12:09:08.493Z"
  }
},
{
  "model": "hoteis.produtoconsumo",
  "pk": 65,
  "fields": {
    "hotel": 4,
    "estoque_produto": 47,
    "nome": "Cerveja Brahma Chopp Lata (350ml)",
    "descricao": "Cerveja Brahma Chopp Lata 350ml",
    "preco": "6.00",
    "tipo": "bebida",
    "disponivel": true,
    "criado_em": "2026-06-05T12:09:08.505Z"
  }
},
{
  "model": "hoteis.produtoconsumo",
  "pk": 66,
  "fields": {
    "hotel": 4,
    "estoque_produto": 48,
    "nome": "Cerveja Skol Lata (350ml)",
    "descricao": "Cerveja Skol Lata 350ml",
    "preco": "5.50",
    "tipo": "bebida",
    "disponivel": true,
    "criado_em": "2026-06-05T12:09:08.516Z"
  }
},
{
  "model": "hoteis.produtoconsumo",
  "pk": 67,
  "fields": {
    "hotel": 4,
    "estoque_produto": 49,
    "nome": "Cerveja Corona Extra Long Neck (330ml)",
    "descricao": "Cerveja Corona Extra Long Neck 330ml",
    "preco": "12.00",
    "tipo": "bebida",
    "disponivel": true,
    "criado_em": "2026-06-05T12:09:08.532Z"
  }
},
{
  "model": "hoteis.produtoconsumo",
  "pk": 68,
  "fields": {
    "hotel": 4,
    "estoque_produto": 50,
    "nome": "Guaraná Antarctica Lata (350ml)",
    "descricao": "Refrigerante Guaraná Antarctica Lata 350ml",
    "preco": "5.00",
    "tipo": "bebida",
    "disponivel": true,
    "criado_em": "2026-06-05T12:09:08.542Z"
  }
},
{
  "model": "hoteis.produtoconsumo",
  "pk": 69,
  "fields": {
    "hotel": 4,
    "estoque_produto": 51,
    "nome": "Coca-Cola Lata (350ml)",
    "descricao": "Refrigerante Coca-Cola Lata 350ml",
    "preco": "6.00",
    "tipo": "bebida",
    "disponivel": true,
    "criado_em": "2026-06-05T12:09:08.554Z"
  }
},
{
  "model": "hoteis.produtoconsumo",
  "pk": 70,
  "fields": {
    "hotel": 4,
    "estoque_produto": 52,
    "nome": "Coca-Cola Zero Lata (350ml)",
    "descricao": "Refrigerante Coca-Cola Zero Lata 350ml",
    "preco": "6.00",
    "tipo": "bebida",
    "disponivel": true,
    "criado_em": "2026-06-05T12:09:08.566Z"
  }
},
{
  "model": "hoteis.produtoconsumo",
  "pk": 71,
  "fields": {
    "hotel": 4,
    "estoque_produto": 53,
    "nome": "Água Mineral Sem Gás (500ml)",
    "descricao": "Água mineral natural sem gás 500ml",
    "preco": "4.00",
    "tipo": "bebida",
    "disponivel": true,
    "criado_em": "2026-06-05T12:09:08.575Z"
  }
},
{
  "model": "hoteis.produtoconsumo",
  "pk": 72,
  "fields": {
    "hotel": 4,
    "estoque_produto": 54,
    "nome": "Água Mineral Com Gás (500ml)",
    "descricao": "Água mineral natural com gás 500ml",
    "preco": "4.50",
    "tipo": "bebida",
    "disponivel": true,
    "criado_em": "2026-06-05T12:09:08.586Z"
  }
},
{
  "model": "financeiro.transacaofinanceira",
  "pk": 1,
  "fields": {
    "hotel": 1,
    "reserva": null,
    "unidade": null,
    "tipo": "receita",
    "categoria": "outro_receita",
    "valor": "295.35",
    "descricao": "Reembolso Estorno de Fornecedor (Dia 01/06)",
    "data": "2026-06-01",
    "data_vencimento": "2026-06-01",
    "data_pagamento": null,
    "codigo": null,
    "criado_por": 1,
    "criado_em": "2026-06-01T07:32:13.484Z"
  }
},
{
  "model": "financeiro.transacaofinanceira",
  "pk": 2,
  "fields": {
    "hotel": 1,
    "reserva": null,
    "unidade": null,
    "tipo": "receita",
    "categoria": "diarias",
    "valor": "294.63",
    "descricao": "Estadia Finalizada - Suite Casal (Dia 31/05)",
    "data": "2026-05-31",
    "data_vencimento": "2026-06-01",
    "data_pagamento": null,
    "codigo": null,
    "criado_por": 1,
    "criado_em": "2026-06-01T07:32:13.491Z"
  }
},
{
  "model": "financeiro.transacaofinanceira",
  "pk": 3,
  "fields": {
    "hotel": 1,
    "reserva": null,
    "unidade": null,
    "tipo": "despesa",
    "categoria": "taxa_marketplace",
    "valor": "297.54",
    "descricao": "Fatura de Comissăo - Plataformas de Divulgaçăo",
    "data": "2026-05-31",
    "data_vencimento": "2026-06-01",
    "data_pagamento": null,
    "codigo": null,
    "criado_por": 1,
    "criado_em": "2026-06-01T07:32:13.495Z"
  }
},
{
  "model": "financeiro.transacaofinanceira",
  "pk": 4,
  "fields": {
    "hotel": 1,
    "reserva": null,
    "unidade": null,
    "tipo": "receita",
    "categoria": "outro_receita",
    "valor": "180.52",
    "descricao": "Reembolso Estorno de Fornecedor (Dia 30/05)",
    "data": "2026-05-30",
    "data_vencimento": "2026-06-01",
    "data_pagamento": null,
    "codigo": null,
    "criado_por": 1,
    "criado_em": "2026-06-01T07:32:13.501Z"
  }
},
{
  "model": "financeiro.transacaofinanceira",
  "pk": 5,
  "fields": {
    "hotel": 1,
    "reserva": null,
    "unidade": null,
    "tipo": "despesa",
    "categoria": "outro_despesa",
    "valor": "79.48",
    "descricao": "Material de Escritório e papelaria recepçăo",
    "data": "2026-05-30",
    "data_vencimento": "2026-06-01",
    "data_pagamento": null,
    "codigo": null,
    "criado_por": 1,
    "criado_em": "2026-06-01T07:32:13.507Z"
  }
},
{
  "model": "financeiro.transacaofinanceira",
  "pk": 6,
  "fields": {
    "hotel": 1,
    "reserva": null,
    "unidade": null,
    "tipo": "receita",
    "categoria": "outro_receita",
    "valor": "185.13",
    "descricao": "Reembolso Estorno de Fornecedor (Dia 29/05)",
    "data": "2026-05-29",
    "data_vencimento": "2026-06-01",
    "data_pagamento": null,
    "codigo": null,
    "criado_por": 1,
    "criado_em": "2026-06-01T07:32:13.513Z"
  }
},
{
  "model": "financeiro.transacaofinanceira",
  "pk": 7,
  "fields": {
    "hotel": 1,
    "reserva": null,
    "unidade": null,
    "tipo": "receita",
    "categoria": "diarias",
    "valor": "409.38",
    "descricao": "Estadia Finalizada - Suite Casal (Dia 29/05)",
    "data": "2026-05-29",
    "data_vencimento": "2026-06-01",
    "data_pagamento": null,
    "codigo": null,
    "criado_por": 1,
    "criado_em": "2026-06-01T07:32:13.519Z"
  }
},
{
  "model": "financeiro.transacaofinanceira",
  "pk": 8,
  "fields": {
    "hotel": 1,
    "reserva": null,
    "unidade": null,
    "tipo": "receita",
    "categoria": "diarias",
    "valor": "903.51",
    "descricao": "Reserva Marketplace Quarto Família (Dia 29/05)",
    "data": "2026-05-29",
    "data_vencimento": "2026-06-01",
    "data_pagamento": null,
    "codigo": null,
    "criado_por": 1,
    "criado_em": "2026-06-01T07:32:13.525Z"
  }
},
{
  "model": "financeiro.transacaofinanceira",
  "pk": 9,
  "fields": {
    "hotel": 1,
    "reserva": null,
    "unidade": null,
    "tipo": "despesa",
    "categoria": "amenities",
    "valor": "326.05",
    "descricao": "Compra de Enxoval - 10 Toalhas de banho algodăo fio penteado",
    "data": "2026-05-29",
    "data_vencimento": "2026-06-01",
    "data_pagamento": null,
    "codigo": null,
    "criado_por": 1,
    "criado_em": "2026-06-01T07:32:13.529Z"
  }
},
{
  "model": "financeiro.transacaofinanceira",
  "pk": 10,
  "fields": {
    "hotel": 1,
    "reserva": null,
    "unidade": null,
    "tipo": "receita",
    "categoria": "diarias",
    "valor": "460.43",
    "descricao": "Estadia Finalizada - Suite Casal (Dia 28/05)",
    "data": "2026-05-28",
    "data_vencimento": "2026-06-01",
    "data_pagamento": null,
    "codigo": null,
    "criado_por": 1,
    "criado_em": "2026-06-01T07:32:13.535Z"
  }
},
{
  "model": "financeiro.transacaofinanceira",
  "pk": 11,
  "fields": {
    "hotel": 1,
    "reserva": null,
    "unidade": null,
    "tipo": "receita",
    "categoria": "spa_lazer",
    "valor": "66.71",
    "descricao": "Aluguel de Bicicletas / Passeio Ecológico (Dia 28/05)",
    "data": "2026-05-28",
    "data_vencimento": "2026-06-01",
    "data_pagamento": null,
    "codigo": null,
    "criado_por": 1,
    "criado_em": "2026-06-01T07:32:13.542Z"
  }
},
{
  "model": "financeiro.transacaofinanceira",
  "pk": 12,
  "fields": {
    "hotel": 1,
    "reserva": null,
    "unidade": null,
    "tipo": "receita",
    "categoria": "spa_lazer",
    "valor": "83.95",
    "descricao": "Aluguel de Bicicletas / Passeio Ecológico (Dia 28/05)",
    "data": "2026-05-28",
    "data_vencimento": "2026-06-01",
    "data_pagamento": null,
    "codigo": null,
    "criado_por": 1,
    "criado_em": "2026-06-01T07:32:13.548Z"
  }
},
{
  "model": "financeiro.transacaofinanceira",
  "pk": 13,
  "fields": {
    "hotel": 1,
    "reserva": null,
    "unidade": null,
    "tipo": "receita",
    "categoria": "frigobar",
    "valor": "26.29",
    "descricao": "Consumo Frigobar - Snacks e Chocolates (Dia 27/05)",
    "data": "2026-05-27",
    "data_vencimento": "2026-06-01",
    "data_pagamento": null,
    "codigo": null,
    "criado_por": 1,
    "criado_em": "2026-06-01T07:32:13.555Z"
  }
},
{
  "model": "financeiro.transacaofinanceira",
  "pk": 14,
  "fields": {
    "hotel": 1,
    "reserva": null,
    "unidade": null,
    "tipo": "receita",
    "categoria": "walk_in",
    "valor": "581.68",
    "descricao": "Balcăo / Diária Walk-in Chalé (Dia 27/05)",
    "data": "2026-05-27",
    "data_vencimento": "2026-06-01",
    "data_pagamento": null,
    "codigo": null,
    "criado_por": 1,
    "criado_em": "2026-06-01T07:32:13.561Z"
  }
},
{
  "model": "financeiro.transacaofinanceira",
  "pk": 15,
  "fields": {
    "hotel": 1,
    "reserva": null,
    "unidade": null,
    "tipo": "receita",
    "categoria": "frigobar",
    "valor": "29.84",
    "descricao": "Consumo Frigobar - Snacks e Chocolates (Dia 27/05)",
    "data": "2026-05-27",
    "data_vencimento": "2026-06-01",
    "data_pagamento": null,
    "codigo": null,
    "criado_por": 1,
    "criado_em": "2026-06-01T07:32:13.568Z"
  }
},
{
  "model": "financeiro.transacaofinanceira",
  "pk": 16,
  "fields": {
    "hotel": 1,
    "reserva": null,
    "unidade": null,
    "tipo": "despesa",
    "categoria": "amenities",
    "valor": "261.60",
    "descricao": "Compra de Enxoval - 10 Toalhas de banho algodăo fio penteado",
    "data": "2026-05-27",
    "data_vencimento": "2026-06-01",
    "data_pagamento": null,
    "codigo": null,
    "criado_por": 1,
    "criado_em": "2026-06-01T07:32:13.574Z"
  }
},
{
  "model": "financeiro.transacaofinanceira",
  "pk": 17,
  "fields": {
    "hotel": 1,
    "reserva": null,
    "unidade": null,
    "tipo": "receita",
    "categoria": "diarias",
    "valor": "440.45",
    "descricao": "Estadia Finalizada - Suite Casal (Dia 26/05)",
    "data": "2026-05-26",
    "data_vencimento": "2026-06-01",
    "data_pagamento": null,
    "codigo": null,
    "criado_por": 1,
    "criado_em": "2026-06-01T07:32:13.580Z"
  }
},
{
  "model": "financeiro.transacaofinanceira",
  "pk": 18,
  "fields": {
    "hotel": 1,
    "reserva": null,
    "unidade": null,
    "tipo": "receita",
    "categoria": "frigobar",
    "valor": "63.97",
    "descricao": "Consumo de Frigobar - Cervejas & Refrigerantes (Dia 26/05)",
    "data": "2026-05-26",
    "data_vencimento": "2026-06-01",
    "data_pagamento": null,
    "codigo": null,
    "criado_por": 1,
    "criado_em": "2026-06-01T07:32:13.587Z"
  }
},
{
  "model": "financeiro.transacaofinanceira",
  "pk": 19,
  "fields": {
    "hotel": 1,
    "reserva": null,
    "unidade": null,
    "tipo": "despesa",
    "categoria": "energia_agua",
    "valor": "896.19",
    "descricao": "Fatura Mensal - Companhia de Energia Elétrica",
    "data": "2026-05-26",
    "data_vencimento": "2026-06-01",
    "data_pagamento": null,
    "codigo": null,
    "criado_por": 1,
    "criado_em": "2026-06-01T07:32:13.592Z"
  }
},
{
  "model": "financeiro.transacaofinanceira",
  "pk": 20,
  "fields": {
    "hotel": 1,
    "reserva": null,
    "unidade": null,
    "tipo": "receita",
    "categoria": "spa_lazer",
    "valor": "90.63",
    "descricao": "Aluguel de Bicicletas / Passeio Ecológico (Dia 25/05)",
    "data": "2026-05-25",
    "data_vencimento": "2026-06-01",
    "data_pagamento": null,
    "codigo": null,
    "criado_por": 1,
    "criado_em": "2026-06-01T07:32:13.598Z"
  }
},
{
  "model": "financeiro.transacaofinanceira",
  "pk": 21,
  "fields": {
    "hotel": 1,
    "reserva": null,
    "unidade": null,
    "tipo": "receita",
    "categoria": "frigobar",
    "valor": "26.74",
    "descricao": "Consumo Frigobar - Snacks e Chocolates (Dia 25/05)",
    "data": "2026-05-25",
    "data_vencimento": "2026-06-01",
    "data_pagamento": null,
    "codigo": null,
    "criado_por": 1,
    "criado_em": "2026-06-01T07:32:13.604Z"
  }
},
{
  "model": "financeiro.transacaofinanceira",
  "pk": 22,
  "fields": {
    "hotel": 1,
    "reserva": null,
    "unidade": null,
    "tipo": "despesa",
    "categoria": "energia_agua",
    "valor": "165.09",
    "descricao": "Provedor Telecom - Assinatura Internet Fibra Óptica",
    "data": "2026-05-25",
    "data_vencimento": "2026-06-01",
    "data_pagamento": null,
    "codigo": null,
    "criado_por": 1,
    "criado_em": "2026-06-01T07:32:13.609Z"
  }
},
{
  "model": "financeiro.transacaofinanceira",
  "pk": 23,
  "fields": {
    "hotel": 1,
    "reserva": null,
    "unidade": null,
    "tipo": "receita",
    "categoria": "diarias",
    "valor": "493.79",
    "descricao": "Estadia Finalizada - Suite Casal (Dia 24/05)",
    "data": "2026-05-24",
    "data_vencimento": "2026-06-01",
    "data_pagamento": null,
    "codigo": null,
    "criado_por": 1,
    "criado_em": "2026-06-01T07:32:13.616Z"
  }
},
{
  "model": "financeiro.transacaofinanceira",
  "pk": 24,
  "fields": {
    "hotel": 1,
    "reserva": null,
    "unidade": null,
    "tipo": "receita",
    "categoria": "frigobar",
    "valor": "66.18",
    "descricao": "Consumo de Frigobar - Cervejas & Refrigerantes (Dia 24/05)",
    "data": "2026-05-24",
    "data_vencimento": "2026-06-01",
    "data_pagamento": null,
    "codigo": null,
    "criado_por": 1,
    "criado_em": "2026-06-01T07:32:13.621Z"
  }
},
{
  "model": "financeiro.transacaofinanceira",
  "pk": 25,
  "fields": {
    "hotel": 1,
    "reserva": null,
    "unidade": null,
    "tipo": "despesa",
    "categoria": "amenities",
    "valor": "348.98",
    "descricao": "Lote Amenities - Mini Sabonetes & Shampoos de Luxo",
    "data": "2026-05-24",
    "data_vencimento": "2026-06-01",
    "data_pagamento": null,
    "codigo": null,
    "criado_por": 1,
    "criado_em": "2026-06-01T07:32:13.627Z"
  }
},
{
  "model": "financeiro.transacaofinanceira",
  "pk": 26,
  "fields": {
    "hotel": 1,
    "reserva": null,
    "unidade": null,
    "tipo": "receita",
    "categoria": "outro_receita",
    "valor": "176.31",
    "descricao": "Reembolso Estorno de Fornecedor (Dia 23/05)",
    "data": "2026-05-23",
    "data_vencimento": "2026-06-01",
    "data_pagamento": null,
    "codigo": null,
    "criado_por": 1,
    "criado_em": "2026-06-01T07:32:13.636Z"
  }
},
{
  "model": "financeiro.transacaofinanceira",
  "pk": 27,
  "fields": {
    "hotel": 1,
    "reserva": null,
    "unidade": null,
    "tipo": "receita",
    "categoria": "frigobar",
    "valor": "47.85",
    "descricao": "Consumo de Frigobar - Cervejas & Refrigerantes (Dia 22/05)",
    "data": "2026-05-22",
    "data_vencimento": "2026-06-01",
    "data_pagamento": null,
    "codigo": null,
    "criado_por": 1,
    "criado_em": "2026-06-01T07:32:13.643Z"
  }
},
{
  "model": "financeiro.transacaofinanceira",
  "pk": 28,
  "fields": {
    "hotel": 1,
    "reserva": null,
    "unidade": null,
    "tipo": "despesa",
    "categoria": "taxa_marketplace",
    "valor": "344.85",
    "descricao": "Fatura de Comissăo - Plataformas de Divulgaçăo",
    "data": "2026-05-22",
    "data_vencimento": "2026-06-01",
    "data_pagamento": null,
    "codigo": null,
    "criado_por": 1,
    "criado_em": "2026-06-01T07:32:13.650Z"
  }
},
{
  "model": "financeiro.transacaofinanceira",
  "pk": 29,
  "fields": {
    "hotel": 1,
    "reserva": null,
    "unidade": null,
    "tipo": "receita",
    "categoria": "room_service",
    "valor": "70.43",
    "descricao": "Serviço de Quarto - Café da manhă especial (Dia 21/05)",
    "data": "2026-05-21",
    "data_vencimento": "2026-06-01",
    "data_pagamento": null,
    "codigo": null,
    "criado_por": 1,
    "criado_em": "2026-06-01T07:32:13.659Z"
  }
},
{
  "model": "financeiro.transacaofinanceira",
  "pk": 30,
  "fields": {
    "hotel": 1,
    "reserva": null,
    "unidade": null,
    "tipo": "receita",
    "categoria": "room_service",
    "valor": "94.93",
    "descricao": "Serviço de Quarto - Café da manhă especial (Dia 21/05)",
    "data": "2026-05-21",
    "data_vencimento": "2026-06-01",
    "data_pagamento": null,
    "codigo": null,
    "criado_por": 1,
    "criado_em": "2026-06-01T07:32:13.670Z"
  }
},
{
  "model": "financeiro.transacaofinanceira",
  "pk": 31,
  "fields": {
    "hotel": 1,
    "reserva": null,
    "unidade": null,
    "tipo": "receita",
    "categoria": "walk_in",
    "valor": "517.05",
    "descricao": "Balcăo / Diária Walk-in Chalé (Dia 21/05)",
    "data": "2026-05-21",
    "data_vencimento": "2026-06-01",
    "data_pagamento": null,
    "codigo": null,
    "criado_por": 1,
    "criado_em": "2026-06-01T07:32:13.678Z"
  }
},
{
  "model": "financeiro.transacaofinanceira",
  "pk": 32,
  "fields": {
    "hotel": 1,
    "reserva": null,
    "unidade": null,
    "tipo": "receita",
    "categoria": "room_service",
    "valor": "70.96",
    "descricao": "Serviço de Quarto - Café da manhă especial (Dia 20/05)",
    "data": "2026-05-20",
    "data_vencimento": "2026-06-01",
    "data_pagamento": null,
    "codigo": null,
    "criado_por": 1,
    "criado_em": "2026-06-01T07:32:13.687Z"
  }
},
{
  "model": "financeiro.transacaofinanceira",
  "pk": 33,
  "fields": {
    "hotel": 1,
    "reserva": null,
    "unidade": null,
    "tipo": "receita",
    "categoria": "diarias",
    "valor": "1131.90",
    "descricao": "Reserva Marketplace Quarto Família (Dia 20/05)",
    "data": "2026-05-20",
    "data_vencimento": "2026-06-01",
    "data_pagamento": null,
    "codigo": null,
    "criado_por": 1,
    "criado_em": "2026-06-01T07:32:13.694Z"
  }
},
{
  "model": "financeiro.transacaofinanceira",
  "pk": 34,
  "fields": {
    "hotel": 1,
    "reserva": null,
    "unidade": null,
    "tipo": "despesa",
    "categoria": "amenities",
    "valor": "374.31",
    "descricao": "Lote Amenities - Mini Sabonetes & Shampoos de Luxo",
    "data": "2026-05-20",
    "data_vencimento": "2026-06-01",
    "data_pagamento": null,
    "codigo": null,
    "criado_por": 1,
    "criado_em": "2026-06-01T07:32:13.701Z"
  }
},
{
  "model": "financeiro.transacaofinanceira",
  "pk": 35,
  "fields": {
    "hotel": 1,
    "reserva": null,
    "unidade": null,
    "tipo": "receita",
    "categoria": "outro_receita",
    "valor": "161.88",
    "descricao": "Reembolso Estorno de Fornecedor (Dia 19/05)",
    "data": "2026-05-19",
    "data_vencimento": "2026-06-01",
    "data_pagamento": null,
    "codigo": null,
    "criado_por": 1,
    "criado_em": "2026-06-01T07:32:13.708Z"
  }
},
{
  "model": "financeiro.transacaofinanceira",
  "pk": 36,
  "fields": {
    "hotel": 1,
    "reserva": null,
    "unidade": null,
    "tipo": "receita",
    "categoria": "frigobar",
    "valor": "51.89",
    "descricao": "Consumo de Frigobar - Cervejas & Refrigerantes (Dia 19/05)",
    "data": "2026-05-19",
    "data_vencimento": "2026-06-01",
    "data_pagamento": null,
    "codigo": null,
    "criado_por": 1,
    "criado_em": "2026-06-01T07:32:13.714Z"
  }
},
{
  "model": "financeiro.transacaofinanceira",
  "pk": 37,
  "fields": {
    "hotel": 1,
    "reserva": null,
    "unidade": null,
    "tipo": "receita",
    "categoria": "diarias",
    "valor": "363.47",
    "descricao": "Estadia Finalizada - Suite Casal (Dia 18/05)",
    "data": "2026-05-18",
    "data_vencimento": "2026-06-01",
    "data_pagamento": null,
    "codigo": null,
    "criado_por": 1,
    "criado_em": "2026-06-01T07:32:13.722Z"
  }
},
{
  "model": "financeiro.transacaofinanceira",
  "pk": 38,
  "fields": {
    "hotel": 1,
    "reserva": null,
    "unidade": null,
    "tipo": "receita",
    "categoria": "walk_in",
    "valor": "548.40",
    "descricao": "Balcăo / Diária Walk-in Chalé (Dia 18/05)",
    "data": "2026-05-18",
    "data_vencimento": "2026-06-01",
    "data_pagamento": null,
    "codigo": null,
    "criado_por": 1,
    "criado_em": "2026-06-01T07:32:13.728Z"
  }
},
{
  "model": "financeiro.transacaofinanceira",
  "pk": 39,
  "fields": {
    "hotel": 1,
    "reserva": null,
    "unidade": null,
    "tipo": "receita",
    "categoria": "frigobar",
    "valor": "16.78",
    "descricao": "Consumo Frigobar - Snacks e Chocolates (Dia 18/05)",
    "data": "2026-05-18",
    "data_vencimento": "2026-06-01",
    "data_pagamento": null,
    "codigo": null,
    "criado_por": 1,
    "criado_em": "2026-06-01T07:32:13.736Z"
  }
},
{
  "model": "financeiro.transacaofinanceira",
  "pk": 40,
  "fields": {
    "hotel": 1,
    "reserva": null,
    "unidade": null,
    "tipo": "despesa",
    "categoria": "manutencao",
    "valor": "55.38",
    "descricao": "Reposiçăo de lâmpadas LED e tomadas",
    "data": "2026-05-18",
    "data_vencimento": "2026-06-01",
    "data_pagamento": null,
    "codigo": null,
    "criado_por": 1,
    "criado_em": "2026-06-01T07:32:13.742Z"
  }
},
{
  "model": "financeiro.transacaofinanceira",
  "pk": 41,
  "fields": {
    "hotel": 2,
    "reserva": null,
    "unidade": null,
    "tipo": "receita",
    "categoria": "spa_lazer",
    "valor": "242.29",
    "descricao": "Spa e Massagem Relaxante Casal (Dia 01/06)",
    "data": "2026-06-01",
    "data_vencimento": "2026-06-01",
    "data_pagamento": null,
    "codigo": null,
    "criado_por": 1,
    "criado_em": "2026-06-01T07:32:13.751Z"
  }
},
{
  "model": "financeiro.transacaofinanceira",
  "pk": 42,
  "fields": {
    "hotel": 2,
    "reserva": null,
    "unidade": null,
    "tipo": "receita",
    "categoria": "diarias",
    "valor": "471.79",
    "descricao": "Reserva Marketplace Quarto Família (Dia 31/05)",
    "data": "2026-05-31",
    "data_vencimento": "2026-06-01",
    "data_pagamento": null,
    "codigo": null,
    "criado_por": 1,
    "criado_em": "2026-06-01T07:32:13.757Z"
  }
},
{
  "model": "financeiro.transacaofinanceira",
  "pk": 43,
  "fields": {
    "hotel": 2,
    "reserva": null,
    "unidade": null,
    "tipo": "receita",
    "categoria": "frigobar",
    "valor": "111.30",
    "descricao": "Consumo de Frigobar - Cervejas & Refrigerantes (Dia 31/05)",
    "data": "2026-05-31",
    "data_vencimento": "2026-06-01",
    "data_pagamento": null,
    "codigo": null,
    "criado_por": 1,
    "criado_em": "2026-06-01T07:32:13.762Z"
  }
},
{
  "model": "financeiro.transacaofinanceira",
  "pk": 44,
  "fields": {
    "hotel": 2,
    "reserva": null,
    "unidade": null,
    "tipo": "despesa",
    "categoria": "outro_despesa",
    "valor": "69.06",
    "descricao": "Material de Escritório e papelaria recepçăo",
    "data": "2026-05-31",
    "data_vencimento": "2026-06-01",
    "data_pagamento": null,
    "codigo": null,
    "criado_por": 1,
    "criado_em": "2026-06-01T07:32:13.769Z"
  }
},
{
  "model": "financeiro.transacaofinanceira",
  "pk": 45,
  "fields": {
    "hotel": 2,
    "reserva": null,
    "unidade": null,
    "tipo": "receita",
    "categoria": "walk_in",
    "valor": "483.93",
    "descricao": "Balcăo / Diária Walk-in Chalé (Dia 30/05)",
    "data": "2026-05-30",
    "data_vencimento": "2026-06-01",
    "data_pagamento": null,
    "codigo": null,
    "criado_por": 1,
    "criado_em": "2026-06-01T07:32:13.775Z"
  }
},
{
  "model": "financeiro.transacaofinanceira",
  "pk": 46,
  "fields": {
    "hotel": 2,
    "reserva": null,
    "unidade": null,
    "tipo": "receita",
    "categoria": "diarias",
    "valor": "815.08",
    "descricao": "Reserva Marketplace Quarto Família (Dia 30/05)",
    "data": "2026-05-30",
    "data_vencimento": "2026-06-01",
    "data_pagamento": null,
    "codigo": null,
    "criado_por": 1,
    "criado_em": "2026-06-01T07:32:13.781Z"
  }
},
{
  "model": "financeiro.transacaofinanceira",
  "pk": 47,
  "fields": {
    "hotel": 2,
    "reserva": null,
    "unidade": null,
    "tipo": "receita",
    "categoria": "room_service",
    "valor": "68.90",
    "descricao": "Serviço de Quarto - Café da manhă especial (Dia 30/05)",
    "data": "2026-05-30",
    "data_vencimento": "2026-06-01",
    "data_pagamento": null,
    "codigo": null,
    "criado_por": 1,
    "criado_em": "2026-06-01T07:32:13.788Z"
  }
},
{
  "model": "financeiro.transacaofinanceira",
  "pk": 48,
  "fields": {
    "hotel": 2,
    "reserva": null,
    "unidade": null,
    "tipo": "receita",
    "categoria": "room_service",
    "valor": "145.75",
    "descricao": "Pedido Copa - Porçăo de Peixe & Caipirinha (Dia 29/05)",
    "data": "2026-05-29",
    "data_vencimento": "2026-06-01",
    "data_pagamento": null,
    "codigo": null,
    "criado_por": 1,
    "criado_em": "2026-06-01T07:32:13.797Z"
  }
},
{
  "model": "financeiro.transacaofinanceira",
  "pk": 49,
  "fields": {
    "hotel": 2,
    "reserva": null,
    "unidade": null,
    "tipo": "despesa",
    "categoria": "outro_despesa",
    "valor": "56.88",
    "descricao": "Material de Escritório e papelaria recepçăo",
    "data": "2026-05-29",
    "data_vencimento": "2026-06-01",
    "data_pagamento": null,
    "codigo": null,
    "criado_por": 1,
    "criado_em": "2026-06-01T07:32:13.802Z"
  }
},
{
  "model": "financeiro.transacaofinanceira",
  "pk": 50,
  "fields": {
    "hotel": 2,
    "reserva": null,
    "unidade": null,
    "tipo": "receita",
    "categoria": "frigobar",
    "valor": "103.68",
    "descricao": "Consumo de Frigobar - Cervejas & Refrigerantes (Dia 28/05)",
    "data": "2026-05-28",
    "data_vencimento": "2026-06-01",
    "data_pagamento": null,
    "codigo": null,
    "criado_por": 1,
    "criado_em": "2026-06-01T07:32:13.808Z"
  }
},
{
  "model": "financeiro.transacaofinanceira",
  "pk": 51,
  "fields": {
    "hotel": 2,
    "reserva": null,
    "unidade": null,
    "tipo": "receita",
    "categoria": "diarias",
    "valor": "363.34",
    "descricao": "Estadia Finalizada - Suite Casal (Dia 28/05)",
    "data": "2026-05-28",
    "data_vencimento": "2026-06-01",
    "data_pagamento": null,
    "codigo": null,
    "criado_por": 1,
    "criado_em": "2026-06-01T07:32:13.813Z"
  }
},
{
  "model": "financeiro.transacaofinanceira",
  "pk": 52,
  "fields": {
    "hotel": 2,
    "reserva": null,
    "unidade": null,
    "tipo": "receita",
    "categoria": "diarias",
    "valor": "795.58",
    "descricao": "Reserva Marketplace Quarto Família (Dia 27/05)",
    "data": "2026-05-27",
    "data_vencimento": "2026-06-01",
    "data_pagamento": null,
    "codigo": null,
    "criado_por": 1,
    "criado_em": "2026-06-01T07:32:13.821Z"
  }
},
{
  "model": "financeiro.transacaofinanceira",
  "pk": 53,
  "fields": {
    "hotel": 2,
    "reserva": null,
    "unidade": null,
    "tipo": "receita",
    "categoria": "outro_receita",
    "valor": "187.46",
    "descricao": "Reembolso Estorno de Fornecedor (Dia 27/05)",
    "data": "2026-05-27",
    "data_vencimento": "2026-06-01",
    "data_pagamento": null,
    "codigo": null,
    "criado_por": 1,
    "criado_em": "2026-06-01T07:32:13.826Z"
  }
},
{
  "model": "financeiro.transacaofinanceira",
  "pk": 54,
  "fields": {
    "hotel": 2,
    "reserva": null,
    "unidade": null,
    "tipo": "receita",
    "categoria": "room_service",
    "valor": "103.14",
    "descricao": "Pedido Copa - Porçăo de Peixe & Caipirinha (Dia 26/05)",
    "data": "2026-05-26",
    "data_vencimento": "2026-06-01",
    "data_pagamento": null,
    "codigo": null,
    "criado_por": 1,
    "criado_em": "2026-06-01T07:32:13.834Z"
  }
},
{
  "model": "financeiro.transacaofinanceira",
  "pk": 55,
  "fields": {
    "hotel": 2,
    "reserva": null,
    "unidade": null,
    "tipo": "receita",
    "categoria": "frigobar",
    "valor": "64.91",
    "descricao": "Consumo Frigobar - Snacks e Chocolates (Dia 26/05)",
    "data": "2026-05-26",
    "data_vencimento": "2026-06-01",
    "data_pagamento": null,
    "codigo": null,
    "criado_por": 1,
    "criado_em": "2026-06-01T07:32:13.840Z"
  }
},
{
  "model": "financeiro.transacaofinanceira",
  "pk": 56,
  "fields": {
    "hotel": 2,
    "reserva": null,
    "unidade": null,
    "tipo": "receita",
    "categoria": "diarias",
    "valor": "410.04",
    "descricao": "Estadia Finalizada - Suite Casal (Dia 26/05)",
    "data": "2026-05-26",
    "data_vencimento": "2026-06-01",
    "data_pagamento": null,
    "codigo": null,
    "criado_por": 1,
    "criado_em": "2026-06-01T07:32:13.846Z"
  }
},
{
  "model": "financeiro.transacaofinanceira",
  "pk": 57,
  "fields": {
    "hotel": 2,
    "reserva": null,
    "unidade": null,
    "tipo": "receita",
    "categoria": "outro_receita",
    "valor": "205.61",
    "descricao": "Reembolso Estorno de Fornecedor (Dia 25/05)",
    "data": "2026-05-25",
    "data_vencimento": "2026-06-01",
    "data_pagamento": null,
    "codigo": null,
    "criado_por": 1,
    "criado_em": "2026-06-01T07:32:13.855Z"
  }
},
{
  "model": "financeiro.transacaofinanceira",
  "pk": 58,
  "fields": {
    "hotel": 2,
    "reserva": null,
    "unidade": null,
    "tipo": "receita",
    "categoria": "outro_receita",
    "valor": "250.83",
    "descricao": "Reembolso Estorno de Fornecedor (Dia 25/05)",
    "data": "2026-05-25",
    "data_vencimento": "2026-06-01",
    "data_pagamento": null,
    "codigo": null,
    "criado_por": 1,
    "criado_em": "2026-06-01T07:32:13.863Z"
  }
},
{
  "model": "financeiro.transacaofinanceira",
  "pk": 59,
  "fields": {
    "hotel": 2,
    "reserva": null,
    "unidade": null,
    "tipo": "despesa",
    "categoria": "manutencao",
    "valor": "111.23",
    "descricao": "Reposiçăo de lâmpadas LED e tomadas",
    "data": "2026-05-25",
    "data_vencimento": "2026-06-01",
    "data_pagamento": null,
    "codigo": null,
    "criado_por": 1,
    "criado_em": "2026-06-01T07:32:13.869Z"
  }
},
{
  "model": "financeiro.transacaofinanceira",
  "pk": 60,
  "fields": {
    "hotel": 2,
    "reserva": null,
    "unidade": null,
    "tipo": "receita",
    "categoria": "frigobar",
    "valor": "46.49",
    "descricao": "Consumo de Frigobar - Cervejas & Refrigerantes (Dia 24/05)",
    "data": "2026-05-24",
    "data_vencimento": "2026-06-01",
    "data_pagamento": null,
    "codigo": null,
    "criado_por": 1,
    "criado_em": "2026-06-01T07:32:13.875Z"
  }
},
{
  "model": "financeiro.transacaofinanceira",
  "pk": 61,
  "fields": {
    "hotel": 2,
    "reserva": null,
    "unidade": null,
    "tipo": "receita",
    "categoria": "diarias",
    "valor": "927.37",
    "descricao": "Reserva Marketplace Quarto Família (Dia 24/05)",
    "data": "2026-05-24",
    "data_vencimento": "2026-06-01",
    "data_pagamento": null,
    "codigo": null,
    "criado_por": 1,
    "criado_em": "2026-06-01T07:32:13.880Z"
  }
},
{
  "model": "financeiro.transacaofinanceira",
  "pk": 62,
  "fields": {
    "hotel": 2,
    "reserva": null,
    "unidade": null,
    "tipo": "despesa",
    "categoria": "salarios",
    "valor": "476.80",
    "descricao": "Comissăo Mensal - Equipe de Limpeza",
    "data": "2026-05-24",
    "data_vencimento": "2026-06-01",
    "data_pagamento": null,
    "codigo": null,
    "criado_por": 1,
    "criado_em": "2026-06-01T07:32:13.888Z"
  }
},
{
  "model": "financeiro.transacaofinanceira",
  "pk": 63,
  "fields": {
    "hotel": 2,
    "reserva": null,
    "unidade": null,
    "tipo": "receita",
    "categoria": "frigobar",
    "valor": "21.13",
    "descricao": "Consumo Frigobar - Snacks e Chocolates (Dia 23/05)",
    "data": "2026-05-23",
    "data_vencimento": "2026-06-01",
    "data_pagamento": null,
    "codigo": null,
    "criado_por": 1,
    "criado_em": "2026-06-01T07:32:13.895Z"
  }
},
{
  "model": "financeiro.transacaofinanceira",
  "pk": 64,
  "fields": {
    "hotel": 2,
    "reserva": null,
    "unidade": null,
    "tipo": "receita",
    "categoria": "spa_lazer",
    "valor": "113.04",
    "descricao": "Aluguel de Bicicletas / Passeio Ecológico (Dia 23/05)",
    "data": "2026-05-23",
    "data_vencimento": "2026-06-01",
    "data_pagamento": null,
    "codigo": null,
    "criado_por": 1,
    "criado_em": "2026-06-01T07:32:13.902Z"
  }
},
{
  "model": "financeiro.transacaofinanceira",
  "pk": 65,
  "fields": {
    "hotel": 2,
    "reserva": null,
    "unidade": null,
    "tipo": "receita",
    "categoria": "room_service",
    "valor": "54.15",
    "descricao": "Serviço de Quarto - Café da manhă especial (Dia 22/05)",
    "data": "2026-05-22",
    "data_vencimento": "2026-06-01",
    "data_pagamento": null,
    "codigo": null,
    "criado_por": 1,
    "criado_em": "2026-06-01T07:32:13.908Z"
  }
},
{
  "model": "financeiro.transacaofinanceira",
  "pk": 66,
  "fields": {
    "hotel": 2,
    "reserva": null,
    "unidade": null,
    "tipo": "receita",
    "categoria": "outro_receita",
    "valor": "165.59",
    "descricao": "Reembolso Estorno de Fornecedor (Dia 22/05)",
    "data": "2026-05-22",
    "data_vencimento": "2026-06-01",
    "data_pagamento": null,
    "codigo": null,
    "criado_por": 1,
    "criado_em": "2026-06-01T07:32:13.915Z"
  }
},
{
  "model": "financeiro.transacaofinanceira",
  "pk": 67,
  "fields": {
    "hotel": 2,
    "reserva": null,
    "unidade": null,
    "tipo": "receita",
    "categoria": "room_service",
    "valor": "62.89",
    "descricao": "Serviço de Quarto - Café da manhă especial (Dia 21/05)",
    "data": "2026-05-21",
    "data_vencimento": "2026-06-01",
    "data_pagamento": null,
    "codigo": null,
    "criado_por": 1,
    "criado_em": "2026-06-01T07:32:13.923Z"
  }
},
{
  "model": "financeiro.transacaofinanceira",
  "pk": 68,
  "fields": {
    "hotel": 2,
    "reserva": null,
    "unidade": null,
    "tipo": "despesa",
    "categoria": "salarios",
    "valor": "661.31",
    "descricao": "Comissăo Mensal - Equipe de Limpeza",
    "data": "2026-05-21",
    "data_vencimento": "2026-06-01",
    "data_pagamento": null,
    "codigo": null,
    "criado_por": 1,
    "criado_em": "2026-06-01T07:32:13.927Z"
  }
},
{
  "model": "financeiro.transacaofinanceira",
  "pk": 69,
  "fields": {
    "hotel": 2,
    "reserva": null,
    "unidade": null,
    "tipo": "receita",
    "categoria": "frigobar",
    "valor": "38.27",
    "descricao": "Consumo de Frigobar - Cervejas & Refrigerantes (Dia 20/05)",
    "data": "2026-05-20",
    "data_vencimento": "2026-06-01",
    "data_pagamento": null,
    "codigo": null,
    "criado_por": 1,
    "criado_em": "2026-06-01T07:32:13.936Z"
  }
},
{
  "model": "financeiro.transacaofinanceira",
  "pk": 70,
  "fields": {
    "hotel": 2,
    "reserva": null,
    "unidade": null,
    "tipo": "despesa",
    "categoria": "salarios",
    "valor": "482.62",
    "descricao": "Comissăo Mensal - Equipe de Limpeza",
    "data": "2026-05-20",
    "data_vencimento": "2026-06-01",
    "data_pagamento": null,
    "codigo": null,
    "criado_por": 1,
    "criado_em": "2026-06-01T07:32:13.942Z"
  }
},
{
  "model": "financeiro.transacaofinanceira",
  "pk": 71,
  "fields": {
    "hotel": 2,
    "reserva": null,
    "unidade": null,
    "tipo": "receita",
    "categoria": "frigobar",
    "valor": "80.37",
    "descricao": "Consumo de Frigobar - Cervejas & Refrigerantes (Dia 19/05)",
    "data": "2026-05-19",
    "data_vencimento": "2026-06-01",
    "data_pagamento": null,
    "codigo": null,
    "criado_por": 1,
    "criado_em": "2026-06-01T07:32:13.947Z"
  }
},
{
  "model": "financeiro.transacaofinanceira",
  "pk": 72,
  "fields": {
    "hotel": 2,
    "reserva": null,
    "unidade": null,
    "tipo": "despesa",
    "categoria": "salarios",
    "valor": "668.42",
    "descricao": "Comissăo Mensal - Equipe de Limpeza",
    "data": "2026-05-19",
    "data_vencimento": "2026-06-01",
    "data_pagamento": null,
    "codigo": null,
    "criado_por": 1,
    "criado_em": "2026-06-01T07:32:13.954Z"
  }
},
{
  "model": "financeiro.transacaofinanceira",
  "pk": 73,
  "fields": {
    "hotel": 2,
    "reserva": null,
    "unidade": null,
    "tipo": "receita",
    "categoria": "frigobar",
    "valor": "100.57",
    "descricao": "Consumo de Frigobar - Cervejas & Refrigerantes (Dia 18/05)",
    "data": "2026-05-18",
    "data_vencimento": "2026-06-01",
    "data_pagamento": null,
    "codigo": null,
    "criado_por": 1,
    "criado_em": "2026-06-01T07:32:13.961Z"
  }
},
{
  "model": "financeiro.transacaofinanceira",
  "pk": 74,
  "fields": {
    "hotel": 2,
    "reserva": null,
    "unidade": null,
    "tipo": "despesa",
    "categoria": "manutencao",
    "valor": "663.04",
    "descricao": "Pintura Fachada / Retoque área externa",
    "data": "2026-05-18",
    "data_vencimento": "2026-06-01",
    "data_pagamento": null,
    "codigo": null,
    "criado_por": 1,
    "criado_em": "2026-06-01T07:32:13.968Z"
  }
},
{
  "model": "financeiro.transacaofinanceira",
  "pk": 75,
  "fields": {
    "hotel": 3,
    "reserva": null,
    "unidade": null,
    "tipo": "receita",
    "categoria": "walk_in",
    "valor": "510.08",
    "descricao": "Balcăo / Diária Walk-in Chalé (Dia 01/06)",
    "data": "2026-06-01",
    "data_vencimento": "2026-06-01",
    "data_pagamento": null,
    "codigo": null,
    "criado_por": 1,
    "criado_em": "2026-06-01T07:32:13.974Z"
  }
},
{
  "model": "financeiro.transacaofinanceira",
  "pk": 76,
  "fields": {
    "hotel": 3,
    "reserva": null,
    "unidade": null,
    "tipo": "receita",
    "categoria": "diarias",
    "valor": "480.86",
    "descricao": "Reserva Marketplace Quarto Família (Dia 01/06)",
    "data": "2026-06-01",
    "data_vencimento": "2026-06-01",
    "data_pagamento": null,
    "codigo": null,
    "criado_por": 1,
    "criado_em": "2026-06-01T07:32:13.979Z"
  }
},
{
  "model": "financeiro.transacaofinanceira",
  "pk": 77,
  "fields": {
    "hotel": 3,
    "reserva": null,
    "unidade": null,
    "tipo": "receita",
    "categoria": "room_service",
    "valor": "56.75",
    "descricao": "Serviço de Quarto - Café da manhă especial (Dia 01/06)",
    "data": "2026-06-01",
    "data_vencimento": "2026-06-01",
    "data_pagamento": null,
    "codigo": null,
    "criado_por": 1,
    "criado_em": "2026-06-01T07:32:13.987Z"
  }
},
{
  "model": "financeiro.transacaofinanceira",
  "pk": 78,
  "fields": {
    "hotel": 3,
    "reserva": null,
    "unidade": null,
    "tipo": "despesa",
    "categoria": "energia_agua",
    "valor": "175.22",
    "descricao": "Provedor Telecom - Assinatura Internet Fibra Óptica",
    "data": "2026-06-01",
    "data_vencimento": "2026-06-01",
    "data_pagamento": null,
    "codigo": null,
    "criado_por": 1,
    "criado_em": "2026-06-01T07:32:13.991Z"
  }
},
{
  "model": "financeiro.transacaofinanceira",
  "pk": 79,
  "fields": {
    "hotel": 3,
    "reserva": null,
    "unidade": null,
    "tipo": "receita",
    "categoria": "walk_in",
    "valor": "619.94",
    "descricao": "Balcăo / Diária Walk-in Chalé (Dia 31/05)",
    "data": "2026-05-31",
    "data_vencimento": "2026-06-01",
    "data_pagamento": null,
    "codigo": null,
    "criado_por": 1,
    "criado_em": "2026-06-01T07:32:13.996Z"
  }
},
{
  "model": "financeiro.transacaofinanceira",
  "pk": 80,
  "fields": {
    "hotel": 3,
    "reserva": null,
    "unidade": null,
    "tipo": "receita",
    "categoria": "diarias",
    "valor": "292.58",
    "descricao": "Estadia Finalizada - Suite Casal (Dia 31/05)",
    "data": "2026-05-31",
    "data_vencimento": "2026-06-01",
    "data_pagamento": null,
    "codigo": null,
    "criado_por": 1,
    "criado_em": "2026-06-01T07:32:14.004Z"
  }
},
{
  "model": "financeiro.transacaofinanceira",
  "pk": 81,
  "fields": {
    "hotel": 3,
    "reserva": null,
    "unidade": null,
    "tipo": "receita",
    "categoria": "diarias",
    "valor": "668.49",
    "descricao": "Reserva Marketplace Quarto Família (Dia 30/05)",
    "data": "2026-05-30",
    "data_vencimento": "2026-06-01",
    "data_pagamento": null,
    "codigo": null,
    "criado_por": 1,
    "criado_em": "2026-06-01T07:32:14.010Z"
  }
},
{
  "model": "financeiro.transacaofinanceira",
  "pk": 82,
  "fields": {
    "hotel": 3,
    "reserva": null,
    "unidade": null,
    "tipo": "receita",
    "categoria": "room_service",
    "valor": "148.04",
    "descricao": "Pedido Copa - Porçăo de Peixe & Caipirinha (Dia 30/05)",
    "data": "2026-05-30",
    "data_vencimento": "2026-06-01",
    "data_pagamento": null,
    "codigo": null,
    "criado_por": 1,
    "criado_em": "2026-06-01T07:32:14.017Z"
  }
},
{
  "model": "financeiro.transacaofinanceira",
  "pk": 83,
  "fields": {
    "hotel": 3,
    "reserva": null,
    "unidade": null,
    "tipo": "receita",
    "categoria": "diarias",
    "valor": "890.24",
    "descricao": "Reserva Marketplace Quarto Família (Dia 29/05)",
    "data": "2026-05-29",
    "data_vencimento": "2026-06-01",
    "data_pagamento": null,
    "codigo": null,
    "criado_por": 1,
    "criado_em": "2026-06-01T07:32:14.024Z"
  }
},
{
  "model": "financeiro.transacaofinanceira",
  "pk": 84,
  "fields": {
    "hotel": 3,
    "reserva": null,
    "unidade": null,
    "tipo": "receita",
    "categoria": "walk_in",
    "valor": "390.61",
    "descricao": "Balcăo / Diária Walk-in Chalé (Dia 29/05)",
    "data": "2026-05-29",
    "data_vencimento": "2026-06-01",
    "data_pagamento": null,
    "codigo": null,
    "criado_por": 1,
    "criado_em": "2026-06-01T07:32:14.029Z"
  }
},
{
  "model": "financeiro.transacaofinanceira",
  "pk": 85,
  "fields": {
    "hotel": 3,
    "reserva": null,
    "unidade": null,
    "tipo": "receita",
    "categoria": "outro_receita",
    "valor": "253.02",
    "descricao": "Reembolso Estorno de Fornecedor (Dia 29/05)",
    "data": "2026-05-29",
    "data_vencimento": "2026-06-01",
    "data_pagamento": null,
    "codigo": null,
    "criado_por": 1,
    "criado_em": "2026-06-01T07:32:14.036Z"
  }
},
{
  "model": "financeiro.transacaofinanceira",
  "pk": 86,
  "fields": {
    "hotel": 3,
    "reserva": null,
    "unidade": null,
    "tipo": "receita",
    "categoria": "diarias",
    "valor": "860.83",
    "descricao": "Reserva Marketplace Quarto Família (Dia 28/05)",
    "data": "2026-05-28",
    "data_vencimento": "2026-06-01",
    "data_pagamento": null,
    "codigo": null,
    "criado_por": 1,
    "criado_em": "2026-06-01T07:32:14.041Z"
  }
},
{
  "model": "financeiro.transacaofinanceira",
  "pk": 87,
  "fields": {
    "hotel": 3,
    "reserva": null,
    "unidade": null,
    "tipo": "receita",
    "categoria": "outro_receita",
    "valor": "155.03",
    "descricao": "Reembolso Estorno de Fornecedor (Dia 28/05)",
    "data": "2026-05-28",
    "data_vencimento": "2026-06-01",
    "data_pagamento": null,
    "codigo": null,
    "criado_por": 1,
    "criado_em": "2026-06-01T07:32:14.046Z"
  }
},
{
  "model": "financeiro.transacaofinanceira",
  "pk": 88,
  "fields": {
    "hotel": 3,
    "reserva": null,
    "unidade": null,
    "tipo": "despesa",
    "categoria": "energia_agua",
    "valor": "125.16",
    "descricao": "Provedor Telecom - Assinatura Internet Fibra Óptica",
    "data": "2026-05-28",
    "data_vencimento": "2026-06-01",
    "data_pagamento": null,
    "codigo": null,
    "criado_por": 1,
    "criado_em": "2026-06-01T07:32:14.052Z"
  }
},
{
  "model": "financeiro.transacaofinanceira",
  "pk": 89,
  "fields": {
    "hotel": 3,
    "reserva": null,
    "unidade": null,
    "tipo": "receita",
    "categoria": "room_service",
    "valor": "131.06",
    "descricao": "Pedido Copa - Porçăo de Peixe & Caipirinha (Dia 27/05)",
    "data": "2026-05-27",
    "data_vencimento": "2026-06-01",
    "data_pagamento": null,
    "codigo": null,
    "criado_por": 1,
    "criado_em": "2026-06-01T07:32:14.057Z"
  }
},
{
  "model": "financeiro.transacaofinanceira",
  "pk": 90,
  "fields": {
    "hotel": 3,
    "reserva": null,
    "unidade": null,
    "tipo": "receita",
    "categoria": "spa_lazer",
    "valor": "323.14",
    "descricao": "Spa e Massagem Relaxante Casal (Dia 26/05)",
    "data": "2026-05-26",
    "data_vencimento": "2026-06-01",
    "data_pagamento": null,
    "codigo": null,
    "criado_por": 1,
    "criado_em": "2026-06-01T07:32:14.062Z"
  }
},
{
  "model": "financeiro.transacaofinanceira",
  "pk": 91,
  "fields": {
    "hotel": 3,
    "reserva": null,
    "unidade": null,
    "tipo": "receita",
    "categoria": "frigobar",
    "valor": "29.69",
    "descricao": "Consumo Frigobar - Snacks e Chocolates (Dia 26/05)",
    "data": "2026-05-26",
    "data_vencimento": "2026-06-01",
    "data_pagamento": null,
    "codigo": null,
    "criado_por": 1,
    "criado_em": "2026-06-01T07:32:14.070Z"
  }
},
{
  "model": "financeiro.transacaofinanceira",
  "pk": 92,
  "fields": {
    "hotel": 3,
    "reserva": null,
    "unidade": null,
    "tipo": "receita",
    "categoria": "outro_receita",
    "valor": "153.94",
    "descricao": "Reembolso Estorno de Fornecedor (Dia 26/05)",
    "data": "2026-05-26",
    "data_vencimento": "2026-06-01",
    "data_pagamento": null,
    "codigo": null,
    "criado_por": 1,
    "criado_em": "2026-06-01T07:32:14.076Z"
  }
},
{
  "model": "financeiro.transacaofinanceira",
  "pk": 93,
  "fields": {
    "hotel": 3,
    "reserva": null,
    "unidade": null,
    "tipo": "receita",
    "categoria": "diarias",
    "valor": "378.33",
    "descricao": "Estadia Finalizada - Suite Casal (Dia 25/05)",
    "data": "2026-05-25",
    "data_vencimento": "2026-06-01",
    "data_pagamento": null,
    "codigo": null,
    "criado_por": 1,
    "criado_em": "2026-06-01T07:32:14.085Z"
  }
},
{
  "model": "financeiro.transacaofinanceira",
  "pk": 94,
  "fields": {
    "hotel": 3,
    "reserva": null,
    "unidade": null,
    "tipo": "despesa",
    "categoria": "amenities",
    "valor": "384.36",
    "descricao": "Lote Amenities - Mini Sabonetes & Shampoos de Luxo",
    "data": "2026-05-25",
    "data_vencimento": "2026-06-01",
    "data_pagamento": null,
    "codigo": null,
    "criado_por": 1,
    "criado_em": "2026-06-01T07:32:14.091Z"
  }
},
{
  "model": "financeiro.transacaofinanceira",
  "pk": 95,
  "fields": {
    "hotel": 3,
    "reserva": null,
    "unidade": null,
    "tipo": "receita",
    "categoria": "spa_lazer",
    "valor": "76.67",
    "descricao": "Aluguel de Bicicletas / Passeio Ecológico (Dia 24/05)",
    "data": "2026-05-24",
    "data_vencimento": "2026-06-01",
    "data_pagamento": null,
    "codigo": null,
    "criado_por": 1,
    "criado_em": "2026-06-01T07:32:14.099Z"
  }
},
{
  "model": "financeiro.transacaofinanceira",
  "pk": 96,
  "fields": {
    "hotel": 3,
    "reserva": null,
    "unidade": null,
    "tipo": "receita",
    "categoria": "walk_in",
    "valor": "609.27",
    "descricao": "Balcăo / Diária Walk-in Chalé (Dia 23/05)",
    "data": "2026-05-23",
    "data_vencimento": "2026-06-01",
    "data_pagamento": null,
    "codigo": null,
    "criado_por": 1,
    "criado_em": "2026-06-01T07:32:14.106Z"
  }
},
{
  "model": "financeiro.transacaofinanceira",
  "pk": 97,
  "fields": {
    "hotel": 3,
    "reserva": null,
    "unidade": null,
    "tipo": "receita",
    "categoria": "diarias",
    "valor": "353.28",
    "descricao": "Estadia Finalizada - Suite Casal (Dia 23/05)",
    "data": "2026-05-23",
    "data_vencimento": "2026-06-01",
    "data_pagamento": null,
    "codigo": null,
    "criado_por": 1,
    "criado_em": "2026-06-01T07:32:14.112Z"
  }
},
{
  "model": "financeiro.transacaofinanceira",
  "pk": 98,
  "fields": {
    "hotel": 3,
    "reserva": null,
    "unidade": null,
    "tipo": "receita",
    "categoria": "diarias",
    "valor": "760.90",
    "descricao": "Reserva Marketplace Quarto Família (Dia 23/05)",
    "data": "2026-05-23",
    "data_vencimento": "2026-06-01",
    "data_pagamento": null,
    "codigo": null,
    "criado_por": 1,
    "criado_em": "2026-06-01T07:32:14.119Z"
  }
},
{
  "model": "financeiro.transacaofinanceira",
  "pk": 99,
  "fields": {
    "hotel": 3,
    "reserva": null,
    "unidade": null,
    "tipo": "despesa",
    "categoria": "taxa_marketplace",
    "valor": "431.99",
    "descricao": "Fatura de Comissăo - Plataformas de Divulgaçăo",
    "data": "2026-05-23",
    "data_vencimento": "2026-06-01",
    "data_pagamento": null,
    "codigo": null,
    "criado_por": 1,
    "criado_em": "2026-06-01T07:32:14.124Z"
  }
},
{
  "model": "financeiro.transacaofinanceira",
  "pk": 100,
  "fields": {
    "hotel": 3,
    "reserva": null,
    "unidade": null,
    "tipo": "receita",
    "categoria": "walk_in",
    "valor": "390.83",
    "descricao": "Balcăo / Diária Walk-in Chalé (Dia 22/05)",
    "data": "2026-05-22",
    "data_vencimento": "2026-06-01",
    "data_pagamento": null,
    "codigo": null,
    "criado_por": 1,
    "criado_em": "2026-06-01T07:32:14.129Z"
  }
},
{
  "model": "financeiro.transacaofinanceira",
  "pk": 101,
  "fields": {
    "hotel": 3,
    "reserva": null,
    "unidade": null,
    "tipo": "receita",
    "categoria": "diarias",
    "valor": "925.23",
    "descricao": "Reserva Marketplace Quarto Família (Dia 22/05)",
    "data": "2026-05-22",
    "data_vencimento": "2026-06-01",
    "data_pagamento": null,
    "codigo": null,
    "criado_por": 1,
    "criado_em": "2026-06-01T07:32:14.138Z"
  }
},
{
  "model": "financeiro.transacaofinanceira",
  "pk": 102,
  "fields": {
    "hotel": 3,
    "reserva": null,
    "unidade": null,
    "tipo": "receita",
    "categoria": "spa_lazer",
    "valor": "72.64",
    "descricao": "Aluguel de Bicicletas / Passeio Ecológico (Dia 22/05)",
    "data": "2026-05-22",
    "data_vencimento": "2026-06-01",
    "data_pagamento": null,
    "codigo": null,
    "criado_por": 1,
    "criado_em": "2026-06-01T07:32:14.143Z"
  }
},
{
  "model": "financeiro.transacaofinanceira",
  "pk": 103,
  "fields": {
    "hotel": 3,
    "reserva": null,
    "unidade": null,
    "tipo": "despesa",
    "categoria": "outro_despesa",
    "valor": "49.76",
    "descricao": "Material de Escritório e papelaria recepçăo",
    "data": "2026-05-22",
    "data_vencimento": "2026-06-01",
    "data_pagamento": null,
    "codigo": null,
    "criado_por": 1,
    "criado_em": "2026-06-01T07:32:14.151Z"
  }
},
{
  "model": "financeiro.transacaofinanceira",
  "pk": 104,
  "fields": {
    "hotel": 3,
    "reserva": null,
    "unidade": null,
    "tipo": "receita",
    "categoria": "diarias",
    "valor": "1004.84",
    "descricao": "Reserva Marketplace Quarto Família (Dia 21/05)",
    "data": "2026-05-21",
    "data_vencimento": "2026-06-01",
    "data_pagamento": null,
    "codigo": null,
    "criado_por": 1,
    "criado_em": "2026-06-01T07:32:14.157Z"
  }
},
{
  "model": "financeiro.transacaofinanceira",
  "pk": 105,
  "fields": {
    "hotel": 3,
    "reserva": null,
    "unidade": null,
    "tipo": "receita",
    "categoria": "diarias",
    "valor": "494.22",
    "descricao": "Estadia Finalizada - Suite Casal (Dia 20/05)",
    "data": "2026-05-20",
    "data_vencimento": "2026-06-01",
    "data_pagamento": null,
    "codigo": null,
    "criado_por": 1,
    "criado_em": "2026-06-01T07:32:14.164Z"
  }
},
{
  "model": "financeiro.transacaofinanceira",
  "pk": 106,
  "fields": {
    "hotel": 3,
    "reserva": null,
    "unidade": null,
    "tipo": "receita",
    "categoria": "room_service",
    "valor": "88.45",
    "descricao": "Serviço de Quarto - Café da manhă especial (Dia 20/05)",
    "data": "2026-05-20",
    "data_vencimento": "2026-06-01",
    "data_pagamento": null,
    "codigo": null,
    "criado_por": 1,
    "criado_em": "2026-06-01T07:32:14.171Z"
  }
},
{
  "model": "financeiro.transacaofinanceira",
  "pk": 107,
  "fields": {
    "hotel": 3,
    "reserva": null,
    "unidade": null,
    "tipo": "receita",
    "categoria": "spa_lazer",
    "valor": "102.53",
    "descricao": "Aluguel de Bicicletas / Passeio Ecológico (Dia 20/05)",
    "data": "2026-05-20",
    "data_vencimento": "2026-06-01",
    "data_pagamento": null,
    "codigo": null,
    "criado_por": 1,
    "criado_em": "2026-06-01T07:32:14.177Z"
  }
},
{
  "model": "financeiro.transacaofinanceira",
  "pk": 108,
  "fields": {
    "hotel": 3,
    "reserva": null,
    "unidade": null,
    "tipo": "receita",
    "categoria": "diarias",
    "valor": "447.24",
    "descricao": "Estadia Finalizada - Suite Casal (Dia 19/05)",
    "data": "2026-05-19",
    "data_vencimento": "2026-06-01",
    "data_pagamento": null,
    "codigo": null,
    "criado_por": 1,
    "criado_em": "2026-06-01T07:32:14.186Z"
  }
},
{
  "model": "financeiro.transacaofinanceira",
  "pk": 109,
  "fields": {
    "hotel": 3,
    "reserva": null,
    "unidade": null,
    "tipo": "despesa",
    "categoria": "energia_agua",
    "valor": "511.25",
    "descricao": "Conta Mensal - Companhia de Saneamento e Água",
    "data": "2026-05-19",
    "data_vencimento": "2026-06-01",
    "data_pagamento": null,
    "codigo": null,
    "criado_por": 1,
    "criado_em": "2026-06-01T07:32:14.191Z"
  }
},
{
  "model": "financeiro.transacaofinanceira",
  "pk": 110,
  "fields": {
    "hotel": 3,
    "reserva": null,
    "unidade": null,
    "tipo": "receita",
    "categoria": "outro_receita",
    "valor": "212.14",
    "descricao": "Reembolso Estorno de Fornecedor (Dia 18/05)",
    "data": "2026-05-18",
    "data_vencimento": "2026-06-01",
    "data_pagamento": null,
    "codigo": null,
    "criado_por": 1,
    "criado_em": "2026-06-01T07:32:14.198Z"
  }
},
{
  "model": "financeiro.transacaofinanceira",
  "pk": 111,
  "fields": {
    "hotel": 3,
    "reserva": null,
    "unidade": null,
    "tipo": "receita",
    "categoria": "spa_lazer",
    "valor": "268.75",
    "descricao": "Spa e Massagem Relaxante Casal (Dia 18/05)",
    "data": "2026-05-18",
    "data_vencimento": "2026-06-01",
    "data_pagamento": null,
    "codigo": null,
    "criado_por": 1,
    "criado_em": "2026-06-01T07:32:14.206Z"
  }
},
{
  "model": "financeiro.transacaofinanceira",
  "pk": 112,
  "fields": {
    "hotel": 3,
    "reserva": null,
    "unidade": null,
    "tipo": "receita",
    "categoria": "spa_lazer",
    "valor": "105.15",
    "descricao": "Aluguel de Bicicletas / Passeio Ecológico (Dia 18/05)",
    "data": "2026-05-18",
    "data_vencimento": "2026-06-01",
    "data_pagamento": null,
    "codigo": null,
    "criado_por": 1,
    "criado_em": "2026-06-01T07:32:14.211Z"
  }
},
{
  "model": "financeiro.transacaofinanceira",
  "pk": 113,
  "fields": {
    "hotel": 3,
    "reserva": null,
    "unidade": null,
    "tipo": "despesa",
    "categoria": "amenities",
    "valor": "393.55",
    "descricao": "Lote Amenities - Mini Sabonetes & Shampoos de Luxo",
    "data": "2026-05-18",
    "data_vencimento": "2026-06-01",
    "data_pagamento": null,
    "codigo": null,
    "criado_por": 1,
    "criado_em": "2026-06-01T07:32:14.218Z"
  }
},
{
  "model": "financeiro.transacaofinanceira",
  "pk": 114,
  "fields": {
    "hotel": 4,
    "reserva": "912f9b5c-fabe-48a3-98a2-c9f5e805b365",
    "unidade": null,
    "tipo": "receita",
    "categoria": "spa_lazer",
    "valor": "118.42",
    "descricao": "Aluguel de Bicicletas / Passeio Ecológico (Dia 01/06)",
    "data": "2026-06-01",
    "data_vencimento": "2026-06-01",
    "data_pagamento": null,
    "codigo": null,
    "criado_por": 1,
    "criado_em": "2026-06-01T07:32:14.224Z"
  }
},
{
  "model": "financeiro.transacaofinanceira",
  "pk": 115,
  "fields": {
    "hotel": 4,
    "reserva": "912f9b5c-fabe-48a3-98a2-c9f5e805b365",
    "unidade": null,
    "tipo": "receita",
    "categoria": "spa_lazer",
    "valor": "82.22",
    "descricao": "Aluguel de Bicicletas / Passeio Ecológico (Dia 01/06)",
    "data": "2026-06-01",
    "data_vencimento": "2026-06-01",
    "data_pagamento": null,
    "codigo": null,
    "criado_por": 1,
    "criado_em": "2026-06-01T07:32:14.230Z"
  }
},
{
  "model": "financeiro.transacaofinanceira",
  "pk": 116,
  "fields": {
    "hotel": 4,
    "reserva": null,
    "unidade": null,
    "tipo": "despesa",
    "categoria": "manutencao",
    "valor": "566.87",
    "descricao": "Pintura Fachada / Retoque área externa",
    "data": "2026-06-01",
    "data_vencimento": "2026-06-01",
    "data_pagamento": null,
    "codigo": null,
    "criado_por": 1,
    "criado_em": "2026-06-01T07:32:14.237Z"
  }
},
{
  "model": "financeiro.transacaofinanceira",
  "pk": 117,
  "fields": {
    "hotel": 4,
    "reserva": "5e6b6b0f-a29a-4b74-a39d-d9469ec076df",
    "unidade": null,
    "tipo": "receita",
    "categoria": "walk_in",
    "valor": "565.65",
    "descricao": "Balcăo / Diária Walk-in Chalé (Dia 31/05)",
    "data": "2026-05-31",
    "data_vencimento": "2026-06-01",
    "data_pagamento": null,
    "codigo": null,
    "criado_por": 1,
    "criado_em": "2026-06-01T07:32:14.243Z"
  }
},
{
  "model": "financeiro.transacaofinanceira",
  "pk": 118,
  "fields": {
    "hotel": 4,
    "reserva": "27590328-a7aa-47cd-bb19-52e53c420045",
    "unidade": null,
    "tipo": "receita",
    "categoria": "room_service",
    "valor": "128.13",
    "descricao": "Pedido Copa - Porçăo de Peixe & Caipirinha (Dia 31/05)",
    "data": "2026-05-31",
    "data_vencimento": "2026-06-01",
    "data_pagamento": null,
    "codigo": null,
    "criado_por": 1,
    "criado_em": "2026-06-01T07:32:14.252Z"
  }
},
{
  "model": "financeiro.transacaofinanceira",
  "pk": 119,
  "fields": {
    "hotel": 4,
    "reserva": null,
    "unidade": null,
    "tipo": "despesa",
    "categoria": "amenities",
    "valor": "308.34",
    "descricao": "Compra de Enxoval - 10 Toalhas de banho algodăo fio penteado",
    "data": "2026-05-31",
    "data_vencimento": "2026-06-01",
    "data_pagamento": null,
    "codigo": null,
    "criado_por": 1,
    "criado_em": "2026-06-01T07:32:14.259Z"
  }
},
{
  "model": "financeiro.transacaofinanceira",
  "pk": 120,
  "fields": {
    "hotel": 4,
    "reserva": "27590328-a7aa-47cd-bb19-52e53c420045",
    "unidade": null,
    "tipo": "receita",
    "categoria": "diarias",
    "valor": "351.62",
    "descricao": "Estadia Finalizada - Suite Casal (Dia 30/05)",
    "data": "2026-05-30",
    "data_vencimento": "2026-06-01",
    "data_pagamento": null,
    "codigo": null,
    "criado_por": 1,
    "criado_em": "2026-06-01T07:32:14.268Z"
  }
},
{
  "model": "financeiro.transacaofinanceira",
  "pk": 121,
  "fields": {
    "hotel": 4,
    "reserva": "5e6b6b0f-a29a-4b74-a39d-d9469ec076df",
    "unidade": null,
    "tipo": "receita",
    "categoria": "walk_in",
    "valor": "518.41",
    "descricao": "Balcăo / Diária Walk-in Chalé (Dia 30/05)",
    "data": "2026-05-30",
    "data_vencimento": "2026-06-01",
    "data_pagamento": null,
    "codigo": null,
    "criado_por": 1,
    "criado_em": "2026-06-01T07:32:14.275Z"
  }
},
{
  "model": "financeiro.transacaofinanceira",
  "pk": 122,
  "fields": {
    "hotel": 4,
    "reserva": "27590328-a7aa-47cd-bb19-52e53c420045",
    "unidade": null,
    "tipo": "receita",
    "categoria": "room_service",
    "valor": "51.77",
    "descricao": "Serviço de Quarto - Café da manhă especial (Dia 30/05)",
    "data": "2026-05-30",
    "data_vencimento": "2026-06-01",
    "data_pagamento": null,
    "codigo": null,
    "criado_por": 1,
    "criado_em": "2026-06-01T07:32:14.281Z"
  }
},
{
  "model": "financeiro.transacaofinanceira",
  "pk": 123,
  "fields": {
    "hotel": 4,
    "reserva": null,
    "unidade": null,
    "tipo": "despesa",
    "categoria": "manutencao",
    "valor": "154.21",
    "descricao": "Reparo Técnico - Chuveiro Elétrico Ch 04",
    "data": "2026-05-30",
    "data_vencimento": "2026-06-01",
    "data_pagamento": null,
    "codigo": null,
    "criado_por": 1,
    "criado_em": "2026-06-01T07:32:14.287Z"
  }
},
{
  "model": "financeiro.transacaofinanceira",
  "pk": 124,
  "fields": {
    "hotel": 4,
    "reserva": "5b2c5b56-e361-4728-b08b-99753617c6f0",
    "unidade": null,
    "tipo": "receita",
    "categoria": "room_service",
    "valor": "61.47",
    "descricao": "Serviço de Quarto - Café da manhă especial (Dia 29/05)",
    "data": "2026-05-29",
    "data_vencimento": "2026-06-01",
    "data_pagamento": null,
    "codigo": null,
    "criado_por": 1,
    "criado_em": "2026-06-01T07:32:14.296Z"
  }
},
{
  "model": "financeiro.transacaofinanceira",
  "pk": 125,
  "fields": {
    "hotel": 4,
    "reserva": "912f9b5c-fabe-48a3-98a2-c9f5e805b365",
    "unidade": null,
    "tipo": "receita",
    "categoria": "diarias",
    "valor": "443.94",
    "descricao": "Estadia Finalizada - Suite Casal (Dia 29/05)",
    "data": "2026-05-29",
    "data_vencimento": "2026-06-01",
    "data_pagamento": null,
    "codigo": null,
    "criado_por": 1,
    "criado_em": "2026-06-01T07:32:14.303Z"
  }
},
{
  "model": "financeiro.transacaofinanceira",
  "pk": 126,
  "fields": {
    "hotel": 4,
    "reserva": "5b2c5b56-e361-4728-b08b-99753617c6f0",
    "unidade": null,
    "tipo": "receita",
    "categoria": "walk_in",
    "valor": "425.49",
    "descricao": "Balcăo / Diária Walk-in Chalé (Dia 29/05)",
    "data": "2026-05-29",
    "data_vencimento": "2026-06-01",
    "data_pagamento": null,
    "codigo": null,
    "criado_por": 1,
    "criado_em": "2026-06-01T07:32:14.309Z"
  }
},
{
  "model": "financeiro.transacaofinanceira",
  "pk": 127,
  "fields": {
    "hotel": 4,
    "reserva": null,
    "unidade": null,
    "tipo": "despesa",
    "categoria": "amenities",
    "valor": "291.63",
    "descricao": "Compra de Enxoval - 10 Toalhas de banho algodăo fio penteado",
    "data": "2026-05-29",
    "data_vencimento": "2026-06-01",
    "data_pagamento": null,
    "codigo": null,
    "criado_por": 1,
    "criado_em": "2026-06-01T07:32:14.315Z"
  }
},
{
  "model": "financeiro.transacaofinanceira",
  "pk": 128,
  "fields": {
    "hotel": 4,
    "reserva": "912f9b5c-fabe-48a3-98a2-c9f5e805b365",
    "unidade": null,
    "tipo": "receita",
    "categoria": "frigobar",
    "valor": "101.07",
    "descricao": "Consumo de Frigobar - Cervejas & Refrigerantes (Dia 28/05)",
    "data": "2026-05-28",
    "data_vencimento": "2026-06-01",
    "data_pagamento": null,
    "codigo": null,
    "criado_por": 1,
    "criado_em": "2026-06-01T07:32:14.322Z"
  }
},
{
  "model": "financeiro.transacaofinanceira",
  "pk": 129,
  "fields": {
    "hotel": 4,
    "reserva": "5e6b6b0f-a29a-4b74-a39d-d9469ec076df",
    "unidade": null,
    "tipo": "receita",
    "categoria": "frigobar",
    "valor": "20.19",
    "descricao": "Consumo Frigobar - Snacks e Chocolates (Dia 28/05)",
    "data": "2026-05-28",
    "data_vencimento": "2026-06-01",
    "data_pagamento": null,
    "codigo": null,
    "criado_por": 1,
    "criado_em": "2026-06-01T07:32:14.329Z"
  }
},
{
  "model": "financeiro.transacaofinanceira",
  "pk": 130,
  "fields": {
    "hotel": 4,
    "reserva": "5b2c5b56-e361-4728-b08b-99753617c6f0",
    "unidade": null,
    "tipo": "receita",
    "categoria": "frigobar",
    "valor": "82.46",
    "descricao": "Consumo de Frigobar - Cervejas & Refrigerantes (Dia 28/05)",
    "data": "2026-05-28",
    "data_vencimento": "2026-06-01",
    "data_pagamento": null,
    "codigo": null,
    "criado_por": 1,
    "criado_em": "2026-06-01T07:32:14.338Z"
  }
},
{
  "model": "financeiro.transacaofinanceira",
  "pk": 131,
  "fields": {
    "hotel": 4,
    "reserva": null,
    "unidade": null,
    "tipo": "despesa",
    "categoria": "energia_agua",
    "valor": "942.14",
    "descricao": "Fatura Mensal - Companhia de Energia Elétrica",
    "data": "2026-05-28",
    "data_vencimento": "2026-06-01",
    "data_pagamento": null,
    "codigo": null,
    "criado_por": 1,
    "criado_em": "2026-06-01T07:32:14.343Z"
  }
},
{
  "model": "financeiro.transacaofinanceira",
  "pk": 132,
  "fields": {
    "hotel": 4,
    "reserva": "27590328-a7aa-47cd-bb19-52e53c420045",
    "unidade": null,
    "tipo": "receita",
    "categoria": "outro_receita",
    "valor": "272.53",
    "descricao": "Reembolso Estorno de Fornecedor (Dia 27/05)",
    "data": "2026-05-27",
    "data_vencimento": "2026-06-01",
    "data_pagamento": null,
    "codigo": null,
    "criado_por": 1,
    "criado_em": "2026-06-01T07:32:14.356Z"
  }
},
{
  "model": "financeiro.transacaofinanceira",
  "pk": 133,
  "fields": {
    "hotel": 4,
    "reserva": "27590328-a7aa-47cd-bb19-52e53c420045",
    "unidade": null,
    "tipo": "receita",
    "categoria": "frigobar",
    "valor": "62.18",
    "descricao": "Consumo Frigobar - Snacks e Chocolates (Dia 26/05)",
    "data": "2026-05-26",
    "data_vencimento": "2026-06-01",
    "data_pagamento": null,
    "codigo": null,
    "criado_por": 1,
    "criado_em": "2026-06-01T07:32:14.365Z"
  }
},
{
  "model": "financeiro.transacaofinanceira",
  "pk": 134,
  "fields": {
    "hotel": 4,
    "reserva": "912f9b5c-fabe-48a3-98a2-c9f5e805b365",
    "unidade": null,
    "tipo": "receita",
    "categoria": "frigobar",
    "valor": "59.26",
    "descricao": "Consumo Frigobar - Snacks e Chocolates (Dia 26/05)",
    "data": "2026-05-26",
    "data_vencimento": "2026-06-01",
    "data_pagamento": null,
    "codigo": null,
    "criado_por": 1,
    "criado_em": "2026-06-01T07:32:14.375Z"
  }
},
{
  "model": "financeiro.transacaofinanceira",
  "pk": 135,
  "fields": {
    "hotel": 4,
    "reserva": "5e6b6b0f-a29a-4b74-a39d-d9469ec076df",
    "unidade": null,
    "tipo": "receita",
    "categoria": "diarias",
    "valor": "1083.18",
    "descricao": "Reserva Marketplace Quarto Família (Dia 26/05)",
    "data": "2026-05-26",
    "data_vencimento": "2026-06-01",
    "data_pagamento": null,
    "codigo": null,
    "criado_por": 1,
    "criado_em": "2026-06-01T07:32:14.385Z"
  }
},
{
  "model": "financeiro.transacaofinanceira",
  "pk": 136,
  "fields": {
    "hotel": 4,
    "reserva": null,
    "unidade": null,
    "tipo": "despesa",
    "categoria": "energia_agua",
    "valor": "1086.21",
    "descricao": "Fatura Mensal - Companhia de Energia Elétrica",
    "data": "2026-05-26",
    "data_vencimento": "2026-06-01",
    "data_pagamento": null,
    "codigo": null,
    "criado_por": 1,
    "criado_em": "2026-06-01T07:32:14.392Z"
  }
},
{
  "model": "financeiro.transacaofinanceira",
  "pk": 137,
  "fields": {
    "hotel": 4,
    "reserva": "5e6b6b0f-a29a-4b74-a39d-d9469ec076df",
    "unidade": null,
    "tipo": "receita",
    "categoria": "spa_lazer",
    "valor": "255.96",
    "descricao": "Spa e Massagem Relaxante Casal (Dia 25/05)",
    "data": "2026-05-25",
    "data_vencimento": "2026-06-01",
    "data_pagamento": null,
    "codigo": null,
    "criado_por": 1,
    "criado_em": "2026-06-01T07:32:14.399Z"
  }
},
{
  "model": "financeiro.transacaofinanceira",
  "pk": 138,
  "fields": {
    "hotel": 4,
    "reserva": null,
    "unidade": null,
    "tipo": "despesa",
    "categoria": "manutencao",
    "valor": "105.40",
    "descricao": "Reparo Técnico - Chuveiro Elétrico Ch 04",
    "data": "2026-05-25",
    "data_vencimento": "2026-06-01",
    "data_pagamento": null,
    "codigo": null,
    "criado_por": 1,
    "criado_em": "2026-06-01T07:32:14.405Z"
  }
},
{
  "model": "financeiro.transacaofinanceira",
  "pk": 139,
  "fields": {
    "hotel": 4,
    "reserva": "5b2c5b56-e361-4728-b08b-99753617c6f0",
    "unidade": null,
    "tipo": "receita",
    "categoria": "diarias",
    "valor": "1087.26",
    "descricao": "Reserva Marketplace Quarto Família (Dia 24/05)",
    "data": "2026-05-24",
    "data_vencimento": "2026-06-01",
    "data_pagamento": null,
    "codigo": null,
    "criado_por": 1,
    "criado_em": "2026-06-01T07:32:14.411Z"
  }
},
{
  "model": "financeiro.transacaofinanceira",
  "pk": 140,
  "fields": {
    "hotel": 4,
    "reserva": null,
    "unidade": null,
    "tipo": "despesa",
    "categoria": "manutencao",
    "valor": "927.71",
    "descricao": "Pintura Fachada / Retoque área externa",
    "data": "2026-05-24",
    "data_vencimento": "2026-06-01",
    "data_pagamento": null,
    "codigo": null,
    "criado_por": 1,
    "criado_em": "2026-06-01T07:32:14.418Z"
  }
},
{
  "model": "financeiro.transacaofinanceira",
  "pk": 141,
  "fields": {
    "hotel": 4,
    "reserva": "27590328-a7aa-47cd-bb19-52e53c420045",
    "unidade": null,
    "tipo": "receita",
    "categoria": "spa_lazer",
    "valor": "80.96",
    "descricao": "Aluguel de Bicicletas / Passeio Ecológico (Dia 23/05)",
    "data": "2026-05-23",
    "data_vencimento": "2026-06-01",
    "data_pagamento": null,
    "codigo": null,
    "criado_por": 1,
    "criado_em": "2026-06-01T07:32:14.430Z"
  }
},
{
  "model": "financeiro.transacaofinanceira",
  "pk": 142,
  "fields": {
    "hotel": 4,
    "reserva": "5e6b6b0f-a29a-4b74-a39d-d9469ec076df",
    "unidade": null,
    "tipo": "receita",
    "categoria": "room_service",
    "valor": "126.90",
    "descricao": "Pedido Copa - Porçăo de Peixe & Caipirinha (Dia 23/05)",
    "data": "2026-05-23",
    "data_vencimento": "2026-06-01",
    "data_pagamento": null,
    "codigo": null,
    "criado_por": 1,
    "criado_em": "2026-06-01T07:32:14.439Z"
  }
},
{
  "model": "financeiro.transacaofinanceira",
  "pk": 143,
  "fields": {
    "hotel": 4,
    "reserva": null,
    "unidade": null,
    "tipo": "despesa",
    "categoria": "amenities",
    "valor": "367.63",
    "descricao": "Lote Amenities - Mini Sabonetes & Shampoos de Luxo",
    "data": "2026-05-23",
    "data_vencimento": "2026-06-01",
    "data_pagamento": null,
    "codigo": null,
    "criado_por": 1,
    "criado_em": "2026-06-01T07:32:14.444Z"
  }
},
{
  "model": "financeiro.transacaofinanceira",
  "pk": 144,
  "fields": {
    "hotel": 4,
    "reserva": "5b2c5b56-e361-4728-b08b-99753617c6f0",
    "unidade": null,
    "tipo": "receita",
    "categoria": "room_service",
    "valor": "85.38",
    "descricao": "Pedido Copa - Porçăo de Peixe & Caipirinha (Dia 22/05)",
    "data": "2026-05-22",
    "data_vencimento": "2026-06-01",
    "data_pagamento": null,
    "codigo": null,
    "criado_por": 1,
    "criado_em": "2026-06-01T07:32:14.451Z"
  }
},
{
  "model": "financeiro.transacaofinanceira",
  "pk": 145,
  "fields": {
    "hotel": 4,
    "reserva": "5b2c5b56-e361-4728-b08b-99753617c6f0",
    "unidade": null,
    "tipo": "receita",
    "categoria": "room_service",
    "valor": "91.05",
    "descricao": "Pedido Copa - Porçăo de Peixe & Caipirinha (Dia 22/05)",
    "data": "2026-05-22",
    "data_vencimento": "2026-06-01",
    "data_pagamento": null,
    "codigo": null,
    "criado_por": 1,
    "criado_em": "2026-06-01T07:32:14.458Z"
  }
},
{
  "model": "financeiro.transacaofinanceira",
  "pk": 146,
  "fields": {
    "hotel": 4,
    "reserva": null,
    "unidade": null,
    "tipo": "despesa",
    "categoria": "salarios",
    "valor": "1830.22",
    "descricao": "Pagamento Folha - Recepcionista Turno A",
    "data": "2026-05-22",
    "data_vencimento": "2026-06-01",
    "data_pagamento": null,
    "codigo": null,
    "criado_por": 1,
    "criado_em": "2026-06-01T07:32:14.464Z"
  }
},
{
  "model": "financeiro.transacaofinanceira",
  "pk": 147,
  "fields": {
    "hotel": 4,
    "reserva": "27590328-a7aa-47cd-bb19-52e53c420045",
    "unidade": null,
    "tipo": "receita",
    "categoria": "frigobar",
    "valor": "56.28",
    "descricao": "Consumo de Frigobar - Cervejas & Refrigerantes (Dia 21/05)",
    "data": "2026-05-21",
    "data_vencimento": "2026-06-01",
    "data_pagamento": null,
    "codigo": null,
    "criado_por": 1,
    "criado_em": "2026-06-01T07:32:14.473Z"
  }
},
{
  "model": "financeiro.transacaofinanceira",
  "pk": 148,
  "fields": {
    "hotel": 4,
    "reserva": "27590328-a7aa-47cd-bb19-52e53c420045",
    "unidade": null,
    "tipo": "receita",
    "categoria": "room_service",
    "valor": "139.60",
    "descricao": "Pedido Copa - Porçăo de Peixe & Caipirinha (Dia 21/05)",
    "data": "2026-05-21",
    "data_vencimento": "2026-06-01",
    "data_pagamento": null,
    "codigo": null,
    "criado_por": 1,
    "criado_em": "2026-06-01T07:32:14.479Z"
  }
},
{
  "model": "financeiro.transacaofinanceira",
  "pk": 149,
  "fields": {
    "hotel": 4,
    "reserva": null,
    "unidade": null,
    "tipo": "despesa",
    "categoria": "manutencao",
    "valor": "947.39",
    "descricao": "Pintura Fachada / Retoque área externa",
    "data": "2026-05-21",
    "data_vencimento": "2026-06-01",
    "data_pagamento": null,
    "codigo": null,
    "criado_por": 1,
    "criado_em": "2026-06-01T07:32:14.485Z"
  }
},
{
  "model": "financeiro.transacaofinanceira",
  "pk": 150,
  "fields": {
    "hotel": 4,
    "reserva": "5e6b6b0f-a29a-4b74-a39d-d9469ec076df",
    "unidade": null,
    "tipo": "receita",
    "categoria": "spa_lazer",
    "valor": "71.20",
    "descricao": "Aluguel de Bicicletas / Passeio Ecológico (Dia 20/05)",
    "data": "2026-05-20",
    "data_vencimento": "2026-06-01",
    "data_pagamento": null,
    "codigo": null,
    "criado_por": 1,
    "criado_em": "2026-06-01T07:32:14.490Z"
  }
},
{
  "model": "financeiro.transacaofinanceira",
  "pk": 151,
  "fields": {
    "hotel": 4,
    "reserva": "27590328-a7aa-47cd-bb19-52e53c420045",
    "unidade": null,
    "tipo": "receita",
    "categoria": "diarias",
    "valor": "938.69",
    "descricao": "Reserva Marketplace Quarto Família (Dia 20/05)",
    "data": "2026-05-20",
    "data_vencimento": "2026-06-01",
    "data_pagamento": null,
    "codigo": null,
    "criado_por": 1,
    "criado_em": "2026-06-01T07:32:14.496Z"
  }
},
{
  "model": "financeiro.transacaofinanceira",
  "pk": 152,
  "fields": {
    "hotel": 4,
    "reserva": "27590328-a7aa-47cd-bb19-52e53c420045",
    "unidade": null,
    "tipo": "receita",
    "categoria": "frigobar",
    "valor": "26.30",
    "descricao": "Consumo Frigobar - Snacks e Chocolates (Dia 20/05)",
    "data": "2026-05-20",
    "data_vencimento": "2026-06-01",
    "data_pagamento": null,
    "codigo": null,
    "criado_por": 1,
    "criado_em": "2026-06-01T07:32:14.504Z"
  }
},
{
  "model": "financeiro.transacaofinanceira",
  "pk": 153,
  "fields": {
    "hotel": 4,
    "reserva": null,
    "unidade": null,
    "tipo": "despesa",
    "categoria": "taxa_marketplace",
    "valor": "433.95",
    "descricao": "Fatura de Comissăo - Plataformas de Divulgaçăo",
    "data": "2026-05-20",
    "data_vencimento": "2026-06-01",
    "data_pagamento": null,
    "codigo": null,
    "criado_por": 1,
    "criado_em": "2026-06-01T07:32:14.508Z"
  }
},
{
  "model": "financeiro.transacaofinanceira",
  "pk": 154,
  "fields": {
    "hotel": 4,
    "reserva": "5b2c5b56-e361-4728-b08b-99753617c6f0",
    "unidade": null,
    "tipo": "receita",
    "categoria": "frigobar",
    "valor": "17.74",
    "descricao": "Consumo Frigobar - Snacks e Chocolates (Dia 19/05)",
    "data": "2026-05-19",
    "data_vencimento": "2026-06-01",
    "data_pagamento": null,
    "codigo": null,
    "criado_por": 1,
    "criado_em": "2026-06-01T07:32:14.513Z"
  }
},
{
  "model": "financeiro.transacaofinanceira",
  "pk": 155,
  "fields": {
    "hotel": 4,
    "reserva": "5e6b6b0f-a29a-4b74-a39d-d9469ec076df",
    "unidade": null,
    "tipo": "receita",
    "categoria": "spa_lazer",
    "valor": "317.97",
    "descricao": "Spa e Massagem Relaxante Casal (Dia 19/05)",
    "data": "2026-05-19",
    "data_vencimento": "2026-06-01",
    "data_pagamento": null,
    "codigo": null,
    "criado_por": 1,
    "criado_em": "2026-06-01T07:32:14.520Z"
  }
},
{
  "model": "financeiro.transacaofinanceira",
  "pk": 156,
  "fields": {
    "hotel": 4,
    "reserva": null,
    "unidade": null,
    "tipo": "despesa",
    "categoria": "salarios",
    "valor": "504.82",
    "descricao": "Comissăo Mensal - Equipe de Limpeza",
    "data": "2026-05-19",
    "data_vencimento": "2026-06-01",
    "data_pagamento": null,
    "codigo": null,
    "criado_por": 1,
    "criado_em": "2026-06-01T07:32:14.525Z"
  }
},
{
  "model": "financeiro.transacaofinanceira",
  "pk": 157,
  "fields": {
    "hotel": 4,
    "reserva": "5b2c5b56-e361-4728-b08b-99753617c6f0",
    "unidade": null,
    "tipo": "receita",
    "categoria": "diarias",
    "valor": "323.24",
    "descricao": "Estadia Finalizada - Suite Casal (Dia 18/05)",
    "data": "2026-05-18",
    "data_vencimento": "2026-06-01",
    "data_pagamento": null,
    "codigo": null,
    "criado_por": 1,
    "criado_em": "2026-06-01T07:32:14.530Z"
  }
},
{
  "model": "financeiro.transacaofinanceira",
  "pk": 158,
  "fields": {
    "hotel": 4,
    "reserva": "5e6b6b0f-a29a-4b74-a39d-d9469ec076df",
    "unidade": null,
    "tipo": "receita",
    "categoria": "walk_in",
    "valor": "505.63",
    "descricao": "Balcăo / Diária Walk-in Chalé (Dia 18/05)",
    "data": "2026-05-18",
    "data_vencimento": "2026-06-01",
    "data_pagamento": null,
    "codigo": null,
    "criado_por": 1,
    "criado_em": "2026-06-01T07:32:14.538Z"
  }
},
{
  "model": "financeiro.transacaofinanceira",
  "pk": 159,
  "fields": {
    "hotel": 4,
    "reserva": null,
    "unidade": null,
    "tipo": "despesa",
    "categoria": "outro_despesa",
    "valor": "660.00",
    "descricao": "Compra #1 recebida - Fornecedor: Ambev",
    "data": "2026-04-10",
    "data_vencimento": "2026-04-10",
    "data_pagamento": "2026-04-10",
    "codigo": "TX-4-DSP-GEN-20260410-LEIG",
    "criado_por": 1,
    "criado_em": "2026-06-05T12:12:28.178Z"
  }
},
{
  "model": "financeiro.transacaofinanceira",
  "pk": 160,
  "fields": {
    "hotel": 4,
    "reserva": null,
    "unidade": null,
    "tipo": "despesa",
    "categoria": "outro_despesa",
    "valor": "725.00",
    "descricao": "Compra #2 recebida - Fornecedor: Coca-Cola Femsa",
    "data": "2026-04-15",
    "data_vencimento": "2026-04-15",
    "data_pagamento": "2026-04-15",
    "codigo": "TX-4-DSP-GEN-20260415-5XQN",
    "criado_por": 1,
    "criado_em": "2026-06-05T12:12:28.228Z"
  }
},
{
  "model": "financeiro.transacaofinanceira",
  "pk": 161,
  "fields": {
    "hotel": 4,
    "reserva": null,
    "unidade": null,
    "tipo": "despesa",
    "categoria": "outro_despesa",
    "valor": "440.00",
    "descricao": "Compra #3 recebida - Fornecedor: Distribuidor Local de Insumos",
    "data": "2026-04-20",
    "data_vencimento": "2026-04-20",
    "data_pagamento": "2026-04-20",
    "codigo": "TX-4-DSP-GEN-20260420-BWDL",
    "criado_por": 1,
    "criado_em": "2026-06-05T12:12:28.271Z"
  }
},
{
  "model": "financeiro.transacaofinanceira",
  "pk": 162,
  "fields": {
    "hotel": 4,
    "reserva": null,
    "unidade": null,
    "tipo": "despesa",
    "categoria": "outro_despesa",
    "valor": "1192.00",
    "descricao": "Compra #4 recebida - Fornecedor: Ambev",
    "data": "2026-04-28",
    "data_vencimento": "2026-04-28",
    "data_pagamento": "2026-04-28",
    "codigo": "TX-4-DSP-GEN-20260428-MWTQ",
    "criado_por": 1,
    "criado_em": "2026-06-05T12:12:28.315Z"
  }
},
{
  "model": "financeiro.transacaofinanceira",
  "pk": 163,
  "fields": {
    "hotel": 4,
    "reserva": null,
    "unidade": null,
    "tipo": "despesa",
    "categoria": "outro_despesa",
    "valor": "520.00",
    "descricao": "Compra #5 recebida - Fornecedor: Coca-Cola Femsa",
    "data": "2026-05-05",
    "data_vencimento": "2026-05-05",
    "data_pagamento": "2026-05-05",
    "codigo": "TX-4-DSP-GEN-20260505-3D3U",
    "criado_por": 1,
    "criado_em": "2026-06-05T12:12:28.351Z"
  }
},
{
  "model": "financeiro.transacaofinanceira",
  "pk": 164,
  "fields": {
    "hotel": 4,
    "reserva": null,
    "unidade": null,
    "tipo": "despesa",
    "categoria": "outro_despesa",
    "valor": "240.00",
    "descricao": "Compra #6 recebida - Fornecedor: Distribuidor Local de Insumos",
    "data": "2026-05-12",
    "data_vencimento": "2026-05-12",
    "data_pagamento": "2026-05-12",
    "codigo": "TX-4-DSP-GEN-20260512-5RD7",
    "criado_por": 1,
    "criado_em": "2026-06-05T12:12:28.402Z"
  }
},
{
  "model": "financeiro.transacaofinanceira",
  "pk": 165,
  "fields": {
    "hotel": 4,
    "reserva": null,
    "unidade": null,
    "tipo": "despesa",
    "categoria": "outro_despesa",
    "valor": "720.00",
    "descricao": "Compra #7 recebida - Fornecedor: Ambev",
    "data": "2026-05-18",
    "data_vencimento": "2026-05-18",
    "data_pagamento": "2026-05-18",
    "codigo": "TX-4-DSP-GEN-20260518-PX4R",
    "criado_por": 1,
    "criado_em": "2026-06-05T12:12:28.435Z"
  }
},
{
  "model": "financeiro.transacaofinanceira",
  "pk": 166,
  "fields": {
    "hotel": 4,
    "reserva": null,
    "unidade": null,
    "tipo": "despesa",
    "categoria": "outro_despesa",
    "valor": "660.00",
    "descricao": "Compra #9 recebida - Fornecedor: Distribuidor Local de Insumos",
    "data": "2026-05-25",
    "data_vencimento": "2026-05-25",
    "data_pagamento": "2026-05-25",
    "codigo": "TX-4-DSP-GEN-20260525-WZ2S",
    "criado_por": 1,
    "criado_em": "2026-06-05T12:12:28.488Z"
  }
},
{
  "model": "financeiro.transacaofinanceira",
  "pk": 167,
  "fields": {
    "hotel": 4,
    "reserva": null,
    "unidade": null,
    "tipo": "despesa",
    "categoria": "outro_despesa",
    "valor": "574.00",
    "descricao": "Compra #10 recebida - Fornecedor: Ambev",
    "data": "2026-06-01",
    "data_vencimento": "2026-06-01",
    "data_pagamento": "2026-06-01",
    "codigo": "TX-4-DSP-GEN-20260601-C1I7",
    "criado_por": 1,
    "criado_em": "2026-06-05T12:12:28.530Z"
  }
},
{
  "model": "financeiro.transacaofinanceira",
  "pk": 168,
  "fields": {
    "hotel": 4,
    "reserva": null,
    "unidade": null,
    "tipo": "despesa",
    "categoria": "outro_despesa",
    "valor": "648.00",
    "descricao": "Compra #11 recebida - Fornecedor: Coca-Cola Femsa",
    "data": "2026-06-04",
    "data_vencimento": "2026-06-04",
    "data_pagamento": "2026-06-05",
    "codigo": "TX-4-DSP-GEN-20260604-AILL",
    "criado_por": 3,
    "criado_em": "2026-06-05T12:41:55.647Z"
  }
},
{
  "model": "estoque.categoriaproduto",
  "pk": 1,
  "fields": {
    "hotel": 1,
    "nome": "Bebidas",
    "icone": "glass-water"
  }
},
{
  "model": "estoque.categoriaproduto",
  "pk": 2,
  "fields": {
    "hotel": 1,
    "nome": "Consumíveis",
    "icone": "box"
  }
},
{
  "model": "estoque.categoriaproduto",
  "pk": 3,
  "fields": {
    "hotel": 1,
    "nome": "Limpeza",
    "icone": "spray-can"
  }
},
{
  "model": "estoque.categoriaproduto",
  "pk": 4,
  "fields": {
    "hotel": 2,
    "nome": "Bebidas",
    "icone": "glass-water"
  }
},
{
  "model": "estoque.categoriaproduto",
  "pk": 5,
  "fields": {
    "hotel": 2,
    "nome": "Consumíveis",
    "icone": "box"
  }
},
{
  "model": "estoque.categoriaproduto",
  "pk": 6,
  "fields": {
    "hotel": 2,
    "nome": "Limpeza",
    "icone": "spray-can"
  }
},
{
  "model": "estoque.categoriaproduto",
  "pk": 7,
  "fields": {
    "hotel": 3,
    "nome": "Bebidas",
    "icone": "glass-water"
  }
},
{
  "model": "estoque.categoriaproduto",
  "pk": 8,
  "fields": {
    "hotel": 3,
    "nome": "Consumíveis",
    "icone": "box"
  }
},
{
  "model": "estoque.categoriaproduto",
  "pk": 9,
  "fields": {
    "hotel": 3,
    "nome": "Limpeza",
    "icone": "spray-can"
  }
},
{
  "model": "estoque.categoriaproduto",
  "pk": 10,
  "fields": {
    "hotel": 4,
    "nome": "Bebidas",
    "icone": "glass-water"
  }
},
{
  "model": "estoque.categoriaproduto",
  "pk": 11,
  "fields": {
    "hotel": 4,
    "nome": "Consumíveis",
    "icone": "box"
  }
},
{
  "model": "estoque.categoriaproduto",
  "pk": 12,
  "fields": {
    "hotel": 4,
    "nome": "Limpeza",
    "icone": "spray-can"
  }
},
{
  "model": "estoque.fornecedor",
  "pk": 1,
  "fields": {
    "hotel": 1,
    "nome": "Ambev",
    "telefone": "(11) 5508-8800",
    "email": "contato@ambev.com.br",
    "cnpj_cpf": "07.526.557/0001-00",
    "ativo": true
  }
},
{
  "model": "estoque.fornecedor",
  "pk": 2,
  "fields": {
    "hotel": 1,
    "nome": "Coca-Cola Femsa",
    "telefone": "(11) 2141-8500",
    "email": "femsa@cocacola.com.br",
    "cnpj_cpf": "45.990.181/0001-89",
    "ativo": true
  }
},
{
  "model": "estoque.fornecedor",
  "pk": 3,
  "fields": {
    "hotel": 1,
    "nome": "Distribuidor Local de Insumos",
    "telefone": "(88) 99999-8888",
    "email": "contato@distribuidorlocal.com",
    "cnpj_cpf": "12.345.678/0001-90",
    "ativo": true
  }
},
{
  "model": "estoque.fornecedor",
  "pk": 4,
  "fields": {
    "hotel": 2,
    "nome": "Ambev",
    "telefone": "(11) 5508-8800",
    "email": "contato@ambev.com.br",
    "cnpj_cpf": "07.526.557/0001-00",
    "ativo": true
  }
},
{
  "model": "estoque.fornecedor",
  "pk": 5,
  "fields": {
    "hotel": 2,
    "nome": "Coca-Cola Femsa",
    "telefone": "(11) 2141-8500",
    "email": "femsa@cocacola.com.br",
    "cnpj_cpf": "45.990.181/0001-89",
    "ativo": true
  }
},
{
  "model": "estoque.fornecedor",
  "pk": 6,
  "fields": {
    "hotel": 2,
    "nome": "Distribuidor Local de Insumos",
    "telefone": "(88) 99999-8888",
    "email": "contato@distribuidorlocal.com",
    "cnpj_cpf": "12.345.678/0001-90",
    "ativo": true
  }
},
{
  "model": "estoque.fornecedor",
  "pk": 7,
  "fields": {
    "hotel": 3,
    "nome": "Ambev",
    "telefone": "(11) 5508-8800",
    "email": "contato@ambev.com.br",
    "cnpj_cpf": "07.526.557/0001-00",
    "ativo": true
  }
},
{
  "model": "estoque.fornecedor",
  "pk": 8,
  "fields": {
    "hotel": 3,
    "nome": "Coca-Cola Femsa",
    "telefone": "(11) 2141-8500",
    "email": "femsa@cocacola.com.br",
    "cnpj_cpf": "45.990.181/0001-89",
    "ativo": true
  }
},
{
  "model": "estoque.fornecedor",
  "pk": 9,
  "fields": {
    "hotel": 3,
    "nome": "Distribuidor Local de Insumos",
    "telefone": "(88) 99999-8888",
    "email": "contato@distribuidorlocal.com",
    "cnpj_cpf": "12.345.678/0001-90",
    "ativo": true
  }
},
{
  "model": "estoque.fornecedor",
  "pk": 10,
  "fields": {
    "hotel": 4,
    "nome": "Ambev",
    "telefone": "(11) 5508-8800",
    "email": "contato@ambev.com.br",
    "cnpj_cpf": "07.526.557/0001-00",
    "ativo": true
  }
},
{
  "model": "estoque.fornecedor",
  "pk": 11,
  "fields": {
    "hotel": 4,
    "nome": "Coca-Cola Femsa",
    "telefone": "(11) 2141-8500",
    "email": "femsa@cocacola.com.br",
    "cnpj_cpf": "45.990.181/0001-89",
    "ativo": true
  }
},
{
  "model": "estoque.fornecedor",
  "pk": 12,
  "fields": {
    "hotel": 4,
    "nome": "Distribuidor Local de Insumos",
    "telefone": "(88) 99999-8888",
    "email": "contato@distribuidorlocal.com",
    "cnpj_cpf": "12.345.678/0001-90",
    "ativo": true
  }
},
{
  "model": "estoque.produto",
  "pk": 1,
  "fields": {
    "hotel": 1,
    "categoria": 1,
    "nome": "Cerveja Stella Artois Long Neck (330ml)",
    "descricao": "Cerveja Premium Stella Artois 330ml",
    "imagem": "",
    "codigo_barras": null,
    "localizacao": null,
    "unidade_medida": "UN",
    "finalidade": "ambos",
    "preco_venda": "10.00",
    "estoque_atual": "50.00",
    "estoque_minimo": "12.00",
    "alerta_validade": true,
    "ativo": true,
    "criado_em": "2026-06-05T12:09:07.964Z",
    "atualizado_em": "2026-06-05T12:09:07.964Z"
  }
},
{
  "model": "estoque.produto",
  "pk": 2,
  "fields": {
    "hotel": 1,
    "categoria": 1,
    "nome": "Cerveja Brahma Chopp Lata (350ml)",
    "descricao": "Cerveja Brahma Chopp Lata 350ml",
    "imagem": "",
    "codigo_barras": null,
    "localizacao": null,
    "unidade_medida": "UN",
    "finalidade": "ambos",
    "preco_venda": "6.00",
    "estoque_atual": "100.00",
    "estoque_minimo": "24.00",
    "alerta_validade": true,
    "ativo": true,
    "criado_em": "2026-06-05T12:09:07.976Z",
    "atualizado_em": "2026-06-05T12:09:07.976Z"
  }
},
{
  "model": "estoque.produto",
  "pk": 3,
  "fields": {
    "hotel": 1,
    "categoria": 1,
    "nome": "Cerveja Skol Lata (350ml)",
    "descricao": "Cerveja Skol Lata 350ml",
    "imagem": "",
    "codigo_barras": null,
    "localizacao": null,
    "unidade_medida": "UN",
    "finalidade": "ambos",
    "preco_venda": "5.50",
    "estoque_atual": "120.00",
    "estoque_minimo": "24.00",
    "alerta_validade": true,
    "ativo": true,
    "criado_em": "2026-06-05T12:09:07.988Z",
    "atualizado_em": "2026-06-05T12:09:07.988Z"
  }
},
{
  "model": "estoque.produto",
  "pk": 4,
  "fields": {
    "hotel": 1,
    "categoria": 1,
    "nome": "Cerveja Corona Extra Long Neck (330ml)",
    "descricao": "Cerveja Corona Extra Long Neck 330ml",
    "imagem": "",
    "codigo_barras": null,
    "localizacao": null,
    "unidade_medida": "UN",
    "finalidade": "ambos",
    "preco_venda": "12.00",
    "estoque_atual": "40.00",
    "estoque_minimo": "12.00",
    "alerta_validade": true,
    "ativo": true,
    "criado_em": "2026-06-05T12:09:07.999Z",
    "atualizado_em": "2026-06-05T12:09:07.999Z"
  }
},
{
  "model": "estoque.produto",
  "pk": 5,
  "fields": {
    "hotel": 1,
    "categoria": 1,
    "nome": "Guaraná Antarctica Lata (350ml)",
    "descricao": "Refrigerante Guaraná Antarctica Lata 350ml",
    "imagem": "",
    "codigo_barras": null,
    "localizacao": null,
    "unidade_medida": "UN",
    "finalidade": "ambos",
    "preco_venda": "5.00",
    "estoque_atual": "80.00",
    "estoque_minimo": "12.00",
    "alerta_validade": true,
    "ativo": true,
    "criado_em": "2026-06-05T12:09:08.008Z",
    "atualizado_em": "2026-06-05T12:09:08.008Z"
  }
},
{
  "model": "estoque.produto",
  "pk": 6,
  "fields": {
    "hotel": 1,
    "categoria": 1,
    "nome": "Coca-Cola Lata (350ml)",
    "descricao": "Refrigerante Coca-Cola Lata 350ml",
    "imagem": "",
    "codigo_barras": null,
    "localizacao": null,
    "unidade_medida": "UN",
    "finalidade": "ambos",
    "preco_venda": "6.00",
    "estoque_atual": "150.00",
    "estoque_minimo": "24.00",
    "alerta_validade": true,
    "ativo": true,
    "criado_em": "2026-06-05T12:09:08.019Z",
    "atualizado_em": "2026-06-05T12:09:08.019Z"
  }
},
{
  "model": "estoque.produto",
  "pk": 7,
  "fields": {
    "hotel": 1,
    "categoria": 1,
    "nome": "Coca-Cola Zero Lata (350ml)",
    "descricao": "Refrigerante Coca-Cola Zero Lata 350ml",
    "imagem": "",
    "codigo_barras": null,
    "localizacao": null,
    "unidade_medida": "UN",
    "finalidade": "ambos",
    "preco_venda": "6.00",
    "estoque_atual": "80.00",
    "estoque_minimo": "12.00",
    "alerta_validade": true,
    "ativo": true,
    "criado_em": "2026-06-05T12:09:08.030Z",
    "atualizado_em": "2026-06-05T12:09:08.030Z"
  }
},
{
  "model": "estoque.produto",
  "pk": 8,
  "fields": {
    "hotel": 1,
    "categoria": 1,
    "nome": "Água Mineral Sem Gás (500ml)",
    "descricao": "Água mineral natural sem gás 500ml",
    "imagem": "",
    "codigo_barras": null,
    "localizacao": null,
    "unidade_medida": "UN",
    "finalidade": "ambos",
    "preco_venda": "4.00",
    "estoque_atual": "200.00",
    "estoque_minimo": "48.00",
    "alerta_validade": true,
    "ativo": true,
    "criado_em": "2026-06-05T12:09:08.040Z",
    "atualizado_em": "2026-06-05T12:09:08.040Z"
  }
},
{
  "model": "estoque.produto",
  "pk": 9,
  "fields": {
    "hotel": 1,
    "categoria": 1,
    "nome": "Água Mineral Com Gás (500ml)",
    "descricao": "Água mineral natural com gás 500ml",
    "imagem": "",
    "codigo_barras": null,
    "localizacao": null,
    "unidade_medida": "UN",
    "finalidade": "ambos",
    "preco_venda": "4.50",
    "estoque_atual": "100.00",
    "estoque_minimo": "24.00",
    "alerta_validade": true,
    "ativo": true,
    "criado_em": "2026-06-05T12:09:08.052Z",
    "atualizado_em": "2026-06-05T12:09:08.052Z"
  }
},
{
  "model": "estoque.produto",
  "pk": 10,
  "fields": {
    "hotel": 1,
    "categoria": 2,
    "nome": "Papel Higięnico Folha Dupla (Fardo 4 rolos)",
    "descricao": "Papel higięnico folha dupla fardo com 4 rolos para hóspedes",
    "imagem": "",
    "codigo_barras": null,
    "localizacao": null,
    "unidade_medida": "UN",
    "finalidade": "interno",
    "preco_venda": null,
    "estoque_atual": "30.00",
    "estoque_minimo": "10.00",
    "alerta_validade": true,
    "ativo": true,
    "criado_em": "2026-06-05T12:09:08.063Z",
    "atualizado_em": "2026-06-05T12:09:08.063Z"
  }
},
{
  "model": "estoque.produto",
  "pk": 11,
  "fields": {
    "hotel": 1,
    "categoria": 2,
    "nome": "Sabonete em Barra Mini (15g)",
    "descricao": "Sabonete mini em barra 15g para amenities",
    "imagem": "",
    "codigo_barras": null,
    "localizacao": null,
    "unidade_medida": "UN",
    "finalidade": "interno",
    "preco_venda": null,
    "estoque_atual": "500.00",
    "estoque_minimo": "100.00",
    "alerta_validade": true,
    "ativo": true,
    "criado_em": "2026-06-05T12:09:08.070Z",
    "atualizado_em": "2026-06-05T12:09:08.070Z"
  }
},
{
  "model": "estoque.produto",
  "pk": 12,
  "fields": {
    "hotel": 1,
    "categoria": 2,
    "nome": "Shampoo & Condicionador Sachę (10ml)",
    "descricao": "Sachę de shampoo e condicionador 2 em 1 10ml para amenities",
    "imagem": "",
    "codigo_barras": null,
    "localizacao": null,
    "unidade_medida": "UN",
    "finalidade": "interno",
    "preco_venda": null,
    "estoque_atual": "400.00",
    "estoque_minimo": "80.00",
    "alerta_validade": true,
    "ativo": true,
    "criado_em": "2026-06-05T12:09:08.076Z",
    "atualizado_em": "2026-06-05T12:09:08.076Z"
  }
},
{
  "model": "estoque.produto",
  "pk": 13,
  "fields": {
    "hotel": 1,
    "categoria": 3,
    "nome": "Detergente Líquido (500ml)",
    "descricao": "Detergente líquido neutro para lavagem de louças",
    "imagem": "",
    "codigo_barras": null,
    "localizacao": null,
    "unidade_medida": "UN",
    "finalidade": "interno",
    "preco_venda": null,
    "estoque_atual": "15.00",
    "estoque_minimo": "5.00",
    "alerta_validade": true,
    "ativo": true,
    "criado_em": "2026-06-05T12:09:08.087Z",
    "atualizado_em": "2026-06-05T12:09:08.087Z"
  }
},
{
  "model": "estoque.produto",
  "pk": 14,
  "fields": {
    "hotel": 1,
    "categoria": 3,
    "nome": "Desinfetante Pinho (1L)",
    "descricao": "Desinfetante uso geral aroma pinho 1 litro",
    "imagem": "",
    "codigo_barras": null,
    "localizacao": null,
    "unidade_medida": "UN",
    "finalidade": "interno",
    "preco_venda": null,
    "estoque_atual": "10.00",
    "estoque_minimo": "3.00",
    "alerta_validade": true,
    "ativo": true,
    "criado_em": "2026-06-05T12:09:08.095Z",
    "atualizado_em": "2026-06-05T12:09:08.095Z"
  }
},
{
  "model": "estoque.produto",
  "pk": 15,
  "fields": {
    "hotel": 1,
    "categoria": 3,
    "nome": "Saco de Lixo 50L (Pacote 10 unidades)",
    "descricao": "Saco para lixo reforçado 50 litros",
    "imagem": "",
    "codigo_barras": null,
    "localizacao": null,
    "unidade_medida": "UN",
    "finalidade": "interno",
    "preco_venda": null,
    "estoque_atual": "25.00",
    "estoque_minimo": "8.00",
    "alerta_validade": true,
    "ativo": true,
    "criado_em": "2026-06-05T12:09:08.105Z",
    "atualizado_em": "2026-06-05T12:09:08.105Z"
  }
},
{
  "model": "estoque.produto",
  "pk": 16,
  "fields": {
    "hotel": 2,
    "categoria": 4,
    "nome": "Cerveja Stella Artois Long Neck (330ml)",
    "descricao": "Cerveja Premium Stella Artois 330ml",
    "imagem": "",
    "codigo_barras": null,
    "localizacao": null,
    "unidade_medida": "UN",
    "finalidade": "ambos",
    "preco_venda": "10.00",
    "estoque_atual": "50.00",
    "estoque_minimo": "12.00",
    "alerta_validade": true,
    "ativo": true,
    "criado_em": "2026-06-05T12:09:08.151Z",
    "atualizado_em": "2026-06-05T12:09:08.151Z"
  }
},
{
  "model": "estoque.produto",
  "pk": 17,
  "fields": {
    "hotel": 2,
    "categoria": 4,
    "nome": "Cerveja Brahma Chopp Lata (350ml)",
    "descricao": "Cerveja Brahma Chopp Lata 350ml",
    "imagem": "",
    "codigo_barras": null,
    "localizacao": null,
    "unidade_medida": "UN",
    "finalidade": "ambos",
    "preco_venda": "6.00",
    "estoque_atual": "100.00",
    "estoque_minimo": "24.00",
    "alerta_validade": true,
    "ativo": true,
    "criado_em": "2026-06-05T12:09:08.163Z",
    "atualizado_em": "2026-06-05T12:09:08.163Z"
  }
},
{
  "model": "estoque.produto",
  "pk": 18,
  "fields": {
    "hotel": 2,
    "categoria": 4,
    "nome": "Cerveja Skol Lata (350ml)",
    "descricao": "Cerveja Skol Lata 350ml",
    "imagem": "",
    "codigo_barras": null,
    "localizacao": null,
    "unidade_medida": "UN",
    "finalidade": "ambos",
    "preco_venda": "5.50",
    "estoque_atual": "120.00",
    "estoque_minimo": "24.00",
    "alerta_validade": true,
    "ativo": true,
    "criado_em": "2026-06-05T12:09:08.172Z",
    "atualizado_em": "2026-06-05T12:09:08.172Z"
  }
},
{
  "model": "estoque.produto",
  "pk": 19,
  "fields": {
    "hotel": 2,
    "categoria": 4,
    "nome": "Cerveja Corona Extra Long Neck (330ml)",
    "descricao": "Cerveja Corona Extra Long Neck 330ml",
    "imagem": "",
    "codigo_barras": null,
    "localizacao": null,
    "unidade_medida": "UN",
    "finalidade": "ambos",
    "preco_venda": "12.00",
    "estoque_atual": "40.00",
    "estoque_minimo": "12.00",
    "alerta_validade": true,
    "ativo": true,
    "criado_em": "2026-06-05T12:09:08.185Z",
    "atualizado_em": "2026-06-05T12:09:08.185Z"
  }
},
{
  "model": "estoque.produto",
  "pk": 20,
  "fields": {
    "hotel": 2,
    "categoria": 4,
    "nome": "Guaraná Antarctica Lata (350ml)",
    "descricao": "Refrigerante Guaraná Antarctica Lata 350ml",
    "imagem": "",
    "codigo_barras": null,
    "localizacao": null,
    "unidade_medida": "UN",
    "finalidade": "ambos",
    "preco_venda": "5.00",
    "estoque_atual": "80.00",
    "estoque_minimo": "12.00",
    "alerta_validade": true,
    "ativo": true,
    "criado_em": "2026-06-05T12:09:08.197Z",
    "atualizado_em": "2026-06-05T12:09:08.197Z"
  }
},
{
  "model": "estoque.produto",
  "pk": 21,
  "fields": {
    "hotel": 2,
    "categoria": 4,
    "nome": "Coca-Cola Lata (350ml)",
    "descricao": "Refrigerante Coca-Cola Lata 350ml",
    "imagem": "",
    "codigo_barras": null,
    "localizacao": null,
    "unidade_medida": "UN",
    "finalidade": "ambos",
    "preco_venda": "6.00",
    "estoque_atual": "150.00",
    "estoque_minimo": "24.00",
    "alerta_validade": true,
    "ativo": true,
    "criado_em": "2026-06-05T12:09:08.209Z",
    "atualizado_em": "2026-06-05T12:09:08.209Z"
  }
},
{
  "model": "estoque.produto",
  "pk": 22,
  "fields": {
    "hotel": 2,
    "categoria": 4,
    "nome": "Coca-Cola Zero Lata (350ml)",
    "descricao": "Refrigerante Coca-Cola Zero Lata 350ml",
    "imagem": "",
    "codigo_barras": null,
    "localizacao": null,
    "unidade_medida": "UN",
    "finalidade": "ambos",
    "preco_venda": "6.00",
    "estoque_atual": "80.00",
    "estoque_minimo": "12.00",
    "alerta_validade": true,
    "ativo": true,
    "criado_em": "2026-06-05T12:09:08.221Z",
    "atualizado_em": "2026-06-05T12:09:08.221Z"
  }
},
{
  "model": "estoque.produto",
  "pk": 23,
  "fields": {
    "hotel": 2,
    "categoria": 4,
    "nome": "Água Mineral Sem Gás (500ml)",
    "descricao": "Água mineral natural sem gás 500ml",
    "imagem": "",
    "codigo_barras": null,
    "localizacao": null,
    "unidade_medida": "UN",
    "finalidade": "ambos",
    "preco_venda": "4.00",
    "estoque_atual": "200.00",
    "estoque_minimo": "48.00",
    "alerta_validade": true,
    "ativo": true,
    "criado_em": "2026-06-05T12:09:08.233Z",
    "atualizado_em": "2026-06-05T12:09:08.233Z"
  }
},
{
  "model": "estoque.produto",
  "pk": 24,
  "fields": {
    "hotel": 2,
    "categoria": 4,
    "nome": "Água Mineral Com Gás (500ml)",
    "descricao": "Água mineral natural com gás 500ml",
    "imagem": "",
    "codigo_barras": null,
    "localizacao": null,
    "unidade_medida": "UN",
    "finalidade": "ambos",
    "preco_venda": "4.50",
    "estoque_atual": "100.00",
    "estoque_minimo": "24.00",
    "alerta_validade": true,
    "ativo": true,
    "criado_em": "2026-06-05T12:09:08.242Z",
    "atualizado_em": "2026-06-05T12:09:08.242Z"
  }
},
{
  "model": "estoque.produto",
  "pk": 25,
  "fields": {
    "hotel": 2,
    "categoria": 5,
    "nome": "Papel Higięnico Folha Dupla (Fardo 4 rolos)",
    "descricao": "Papel higięnico folha dupla fardo com 4 rolos para hóspedes",
    "imagem": "",
    "codigo_barras": null,
    "localizacao": null,
    "unidade_medida": "UN",
    "finalidade": "interno",
    "preco_venda": null,
    "estoque_atual": "30.00",
    "estoque_minimo": "10.00",
    "alerta_validade": true,
    "ativo": true,
    "criado_em": "2026-06-05T12:09:08.254Z",
    "atualizado_em": "2026-06-05T12:09:08.254Z"
  }
},
{
  "model": "estoque.produto",
  "pk": 26,
  "fields": {
    "hotel": 2,
    "categoria": 5,
    "nome": "Sabonete em Barra Mini (15g)",
    "descricao": "Sabonete mini em barra 15g para amenities",
    "imagem": "",
    "codigo_barras": null,
    "localizacao": null,
    "unidade_medida": "UN",
    "finalidade": "interno",
    "preco_venda": null,
    "estoque_atual": "500.00",
    "estoque_minimo": "100.00",
    "alerta_validade": true,
    "ativo": true,
    "criado_em": "2026-06-05T12:09:08.261Z",
    "atualizado_em": "2026-06-05T12:09:08.261Z"
  }
},
{
  "model": "estoque.produto",
  "pk": 27,
  "fields": {
    "hotel": 2,
    "categoria": 5,
    "nome": "Shampoo & Condicionador Sachę (10ml)",
    "descricao": "Sachę de shampoo e condicionador 2 em 1 10ml para amenities",
    "imagem": "",
    "codigo_barras": null,
    "localizacao": null,
    "unidade_medida": "UN",
    "finalidade": "interno",
    "preco_venda": null,
    "estoque_atual": "400.00",
    "estoque_minimo": "80.00",
    "alerta_validade": true,
    "ativo": true,
    "criado_em": "2026-06-05T12:09:08.270Z",
    "atualizado_em": "2026-06-05T12:09:08.270Z"
  }
},
{
  "model": "estoque.produto",
  "pk": 28,
  "fields": {
    "hotel": 2,
    "categoria": 6,
    "nome": "Detergente Líquido (500ml)",
    "descricao": "Detergente líquido neutro para lavagem de louças",
    "imagem": "",
    "codigo_barras": null,
    "localizacao": null,
    "unidade_medida": "UN",
    "finalidade": "interno",
    "preco_venda": null,
    "estoque_atual": "15.00",
    "estoque_minimo": "5.00",
    "alerta_validade": true,
    "ativo": true,
    "criado_em": "2026-06-05T12:09:08.277Z",
    "atualizado_em": "2026-06-05T12:09:08.277Z"
  }
},
{
  "model": "estoque.produto",
  "pk": 29,
  "fields": {
    "hotel": 2,
    "categoria": 6,
    "nome": "Desinfetante Pinho (1L)",
    "descricao": "Desinfetante uso geral aroma pinho 1 litro",
    "imagem": "",
    "codigo_barras": null,
    "localizacao": null,
    "unidade_medida": "UN",
    "finalidade": "interno",
    "preco_venda": null,
    "estoque_atual": "10.00",
    "estoque_minimo": "3.00",
    "alerta_validade": true,
    "ativo": true,
    "criado_em": "2026-06-05T12:09:08.286Z",
    "atualizado_em": "2026-06-05T12:09:08.286Z"
  }
},
{
  "model": "estoque.produto",
  "pk": 30,
  "fields": {
    "hotel": 2,
    "categoria": 6,
    "nome": "Saco de Lixo 50L (Pacote 10 unidades)",
    "descricao": "Saco para lixo reforçado 50 litros",
    "imagem": "",
    "codigo_barras": null,
    "localizacao": null,
    "unidade_medida": "UN",
    "finalidade": "interno",
    "preco_venda": null,
    "estoque_atual": "25.00",
    "estoque_minimo": "8.00",
    "alerta_validade": true,
    "ativo": true,
    "criado_em": "2026-06-05T12:09:08.292Z",
    "atualizado_em": "2026-06-05T12:09:08.292Z"
  }
},
{
  "model": "estoque.produto",
  "pk": 31,
  "fields": {
    "hotel": 3,
    "categoria": 7,
    "nome": "Cerveja Stella Artois Long Neck (330ml)",
    "descricao": "Cerveja Premium Stella Artois 330ml",
    "imagem": "",
    "codigo_barras": null,
    "localizacao": null,
    "unidade_medida": "UN",
    "finalidade": "ambos",
    "preco_venda": "10.00",
    "estoque_atual": "50.00",
    "estoque_minimo": "12.00",
    "alerta_validade": true,
    "ativo": true,
    "criado_em": "2026-06-05T12:09:08.323Z",
    "atualizado_em": "2026-06-05T12:09:08.323Z"
  }
},
{
  "model": "estoque.produto",
  "pk": 32,
  "fields": {
    "hotel": 3,
    "categoria": 7,
    "nome": "Cerveja Brahma Chopp Lata (350ml)",
    "descricao": "Cerveja Brahma Chopp Lata 350ml",
    "imagem": "",
    "codigo_barras": null,
    "localizacao": null,
    "unidade_medida": "UN",
    "finalidade": "ambos",
    "preco_venda": "6.00",
    "estoque_atual": "100.00",
    "estoque_minimo": "24.00",
    "alerta_validade": true,
    "ativo": true,
    "criado_em": "2026-06-05T12:09:08.335Z",
    "atualizado_em": "2026-06-05T12:09:08.335Z"
  }
},
{
  "model": "estoque.produto",
  "pk": 33,
  "fields": {
    "hotel": 3,
    "categoria": 7,
    "nome": "Cerveja Skol Lata (350ml)",
    "descricao": "Cerveja Skol Lata 350ml",
    "imagem": "",
    "codigo_barras": null,
    "localizacao": null,
    "unidade_medida": "UN",
    "finalidade": "ambos",
    "preco_venda": "5.50",
    "estoque_atual": "120.00",
    "estoque_minimo": "24.00",
    "alerta_validade": true,
    "ativo": true,
    "criado_em": "2026-06-05T12:09:08.346Z",
    "atualizado_em": "2026-06-05T12:09:08.346Z"
  }
},
{
  "model": "estoque.produto",
  "pk": 34,
  "fields": {
    "hotel": 3,
    "categoria": 7,
    "nome": "Cerveja Corona Extra Long Neck (330ml)",
    "descricao": "Cerveja Corona Extra Long Neck 330ml",
    "imagem": "",
    "codigo_barras": null,
    "localizacao": null,
    "unidade_medida": "UN",
    "finalidade": "ambos",
    "preco_venda": "12.00",
    "estoque_atual": "40.00",
    "estoque_minimo": "12.00",
    "alerta_validade": true,
    "ativo": true,
    "criado_em": "2026-06-05T12:09:08.356Z",
    "atualizado_em": "2026-06-05T12:09:08.356Z"
  }
},
{
  "model": "estoque.produto",
  "pk": 35,
  "fields": {
    "hotel": 3,
    "categoria": 7,
    "nome": "Guaraná Antarctica Lata (350ml)",
    "descricao": "Refrigerante Guaraná Antarctica Lata 350ml",
    "imagem": "",
    "codigo_barras": null,
    "localizacao": null,
    "unidade_medida": "UN",
    "finalidade": "ambos",
    "preco_venda": "5.00",
    "estoque_atual": "80.00",
    "estoque_minimo": "12.00",
    "alerta_validade": true,
    "ativo": true,
    "criado_em": "2026-06-05T12:09:08.367Z",
    "atualizado_em": "2026-06-05T12:09:08.367Z"
  }
},
{
  "model": "estoque.produto",
  "pk": 36,
  "fields": {
    "hotel": 3,
    "categoria": 7,
    "nome": "Coca-Cola Lata (350ml)",
    "descricao": "Refrigerante Coca-Cola Lata 350ml",
    "imagem": "",
    "codigo_barras": null,
    "localizacao": null,
    "unidade_medida": "UN",
    "finalidade": "ambos",
    "preco_venda": "6.00",
    "estoque_atual": "150.00",
    "estoque_minimo": "24.00",
    "alerta_validade": true,
    "ativo": true,
    "criado_em": "2026-06-05T12:09:08.377Z",
    "atualizado_em": "2026-06-05T12:09:08.377Z"
  }
},
{
  "model": "estoque.produto",
  "pk": 37,
  "fields": {
    "hotel": 3,
    "categoria": 7,
    "nome": "Coca-Cola Zero Lata (350ml)",
    "descricao": "Refrigerante Coca-Cola Zero Lata 350ml",
    "imagem": "",
    "codigo_barras": null,
    "localizacao": null,
    "unidade_medida": "UN",
    "finalidade": "ambos",
    "preco_venda": "6.00",
    "estoque_atual": "80.00",
    "estoque_minimo": "12.00",
    "alerta_validade": true,
    "ativo": true,
    "criado_em": "2026-06-05T12:09:08.388Z",
    "atualizado_em": "2026-06-05T12:09:08.388Z"
  }
},
{
  "model": "estoque.produto",
  "pk": 38,
  "fields": {
    "hotel": 3,
    "categoria": 7,
    "nome": "Água Mineral Sem Gás (500ml)",
    "descricao": "Água mineral natural sem gás 500ml",
    "imagem": "",
    "codigo_barras": null,
    "localizacao": null,
    "unidade_medida": "UN",
    "finalidade": "ambos",
    "preco_venda": "4.00",
    "estoque_atual": "200.00",
    "estoque_minimo": "48.00",
    "alerta_validade": true,
    "ativo": true,
    "criado_em": "2026-06-05T12:09:08.400Z",
    "atualizado_em": "2026-06-05T12:09:08.400Z"
  }
},
{
  "model": "estoque.produto",
  "pk": 39,
  "fields": {
    "hotel": 3,
    "categoria": 7,
    "nome": "Água Mineral Com Gás (500ml)",
    "descricao": "Água mineral natural com gás 500ml",
    "imagem": "",
    "codigo_barras": null,
    "localizacao": null,
    "unidade_medida": "UN",
    "finalidade": "ambos",
    "preco_venda": "4.50",
    "estoque_atual": "100.00",
    "estoque_minimo": "24.00",
    "alerta_validade": true,
    "ativo": true,
    "criado_em": "2026-06-05T12:09:08.410Z",
    "atualizado_em": "2026-06-05T12:09:08.410Z"
  }
},
{
  "model": "estoque.produto",
  "pk": 40,
  "fields": {
    "hotel": 3,
    "categoria": 8,
    "nome": "Papel Higięnico Folha Dupla (Fardo 4 rolos)",
    "descricao": "Papel higięnico folha dupla fardo com 4 rolos para hóspedes",
    "imagem": "",
    "codigo_barras": null,
    "localizacao": null,
    "unidade_medida": "UN",
    "finalidade": "interno",
    "preco_venda": null,
    "estoque_atual": "30.00",
    "estoque_minimo": "10.00",
    "alerta_validade": true,
    "ativo": true,
    "criado_em": "2026-06-05T12:09:08.421Z",
    "atualizado_em": "2026-06-05T12:09:08.421Z"
  }
},
{
  "model": "estoque.produto",
  "pk": 41,
  "fields": {
    "hotel": 3,
    "categoria": 8,
    "nome": "Sabonete em Barra Mini (15g)",
    "descricao": "Sabonete mini em barra 15g para amenities",
    "imagem": "",
    "codigo_barras": null,
    "localizacao": null,
    "unidade_medida": "UN",
    "finalidade": "interno",
    "preco_venda": null,
    "estoque_atual": "500.00",
    "estoque_minimo": "100.00",
    "alerta_validade": true,
    "ativo": true,
    "criado_em": "2026-06-05T12:09:08.429Z",
    "atualizado_em": "2026-06-05T12:09:08.429Z"
  }
},
{
  "model": "estoque.produto",
  "pk": 42,
  "fields": {
    "hotel": 3,
    "categoria": 8,
    "nome": "Shampoo & Condicionador Sachę (10ml)",
    "descricao": "Sachę de shampoo e condicionador 2 em 1 10ml para amenities",
    "imagem": "",
    "codigo_barras": null,
    "localizacao": null,
    "unidade_medida": "UN",
    "finalidade": "interno",
    "preco_venda": null,
    "estoque_atual": "400.00",
    "estoque_minimo": "80.00",
    "alerta_validade": true,
    "ativo": true,
    "criado_em": "2026-06-05T12:09:08.436Z",
    "atualizado_em": "2026-06-05T12:09:08.436Z"
  }
},
{
  "model": "estoque.produto",
  "pk": 43,
  "fields": {
    "hotel": 3,
    "categoria": 9,
    "nome": "Detergente Líquido (500ml)",
    "descricao": "Detergente líquido neutro para lavagem de louças",
    "imagem": "",
    "codigo_barras": null,
    "localizacao": null,
    "unidade_medida": "UN",
    "finalidade": "interno",
    "preco_venda": null,
    "estoque_atual": "15.00",
    "estoque_minimo": "5.00",
    "alerta_validade": true,
    "ativo": true,
    "criado_em": "2026-06-05T12:09:08.442Z",
    "atualizado_em": "2026-06-05T12:09:08.442Z"
  }
},
{
  "model": "estoque.produto",
  "pk": 44,
  "fields": {
    "hotel": 3,
    "categoria": 9,
    "nome": "Desinfetante Pinho (1L)",
    "descricao": "Desinfetante uso geral aroma pinho 1 litro",
    "imagem": "",
    "codigo_barras": null,
    "localizacao": null,
    "unidade_medida": "UN",
    "finalidade": "interno",
    "preco_venda": null,
    "estoque_atual": "10.00",
    "estoque_minimo": "3.00",
    "alerta_validade": true,
    "ativo": true,
    "criado_em": "2026-06-05T12:09:08.450Z",
    "atualizado_em": "2026-06-05T12:09:08.450Z"
  }
},
{
  "model": "estoque.produto",
  "pk": 45,
  "fields": {
    "hotel": 3,
    "categoria": 9,
    "nome": "Saco de Lixo 50L (Pacote 10 unidades)",
    "descricao": "Saco para lixo reforçado 50 litros",
    "imagem": "",
    "codigo_barras": null,
    "localizacao": null,
    "unidade_medida": "UN",
    "finalidade": "interno",
    "preco_venda": null,
    "estoque_atual": "25.00",
    "estoque_minimo": "8.00",
    "alerta_validade": true,
    "ativo": true,
    "criado_em": "2026-06-05T12:09:08.457Z",
    "atualizado_em": "2026-06-05T12:09:08.457Z"
  }
},
{
  "model": "estoque.produto",
  "pk": 46,
  "fields": {
    "hotel": 4,
    "categoria": 10,
    "nome": "Cerveja Stella Artois Long Neck (330ml)",
    "descricao": "Cerveja Premium Stella Artois 330ml",
    "imagem": "",
    "codigo_barras": null,
    "localizacao": null,
    "unidade_medida": "UN",
    "finalidade": "ambos",
    "preco_venda": "10.00",
    "estoque_atual": "150.00",
    "estoque_minimo": "12.00",
    "alerta_validade": true,
    "ativo": true,
    "criado_em": "2026-06-05T12:09:08.487Z",
    "atualizado_em": "2026-06-05T12:12:28.414Z"
  }
},
{
  "model": "estoque.produto",
  "pk": 47,
  "fields": {
    "hotel": 4,
    "categoria": 10,
    "nome": "Cerveja Brahma Chopp Lata (350ml)",
    "descricao": "Cerveja Brahma Chopp Lata 350ml",
    "imagem": "",
    "codigo_barras": null,
    "localizacao": null,
    "unidade_medida": "UN",
    "finalidade": "ambos",
    "preco_venda": "6.00",
    "estoque_atual": "300.00",
    "estoque_minimo": "24.00",
    "alerta_validade": true,
    "ativo": true,
    "criado_em": "2026-06-05T12:09:08.498Z",
    "atualizado_em": "2026-06-05T16:12:26.759Z"
  }
},
{
  "model": "estoque.produto",
  "pk": 48,
  "fields": {
    "hotel": 4,
    "categoria": 10,
    "nome": "Cerveja Skol Lata (350ml)",
    "descricao": "Cerveja Skol Lata 350ml",
    "imagem": "",
    "codigo_barras": null,
    "localizacao": null,
    "unidade_medida": "UN",
    "finalidade": "ambos",
    "preco_venda": "5.50",
    "estoque_atual": "240.00",
    "estoque_minimo": "24.00",
    "alerta_validade": true,
    "ativo": true,
    "criado_em": "2026-06-05T12:09:08.508Z",
    "atualizado_em": "2026-06-05T12:12:28.293Z"
  }
},
{
  "model": "estoque.produto",
  "pk": 49,
  "fields": {
    "hotel": 4,
    "categoria": 10,
    "nome": "Cerveja Corona Extra Long Neck (330ml)",
    "descricao": "Cerveja Corona Extra Long Neck 330ml",
    "imagem": "",
    "codigo_barras": null,
    "localizacao": null,
    "unidade_medida": "UN",
    "finalidade": "ambos",
    "preco_venda": "12.00",
    "estoque_atual": "120.00",
    "estoque_minimo": "12.00",
    "alerta_validade": true,
    "ativo": true,
    "criado_em": "2026-06-05T12:09:08.525Z",
    "atualizado_em": "2026-06-05T12:12:28.503Z"
  }
},
{
  "model": "estoque.produto",
  "pk": 50,
  "fields": {
    "hotel": 4,
    "categoria": 10,
    "nome": "Guaraná Antarctica Lata (350ml)",
    "descricao": "Refrigerante Guaraná Antarctica Lata 350ml",
    "imagem": "",
    "codigo_barras": null,
    "localizacao": null,
    "unidade_medida": "UN",
    "finalidade": "ambos",
    "preco_venda": "5.00",
    "estoque_atual": "260.00",
    "estoque_minimo": "12.00",
    "alerta_validade": true,
    "ativo": true,
    "criado_em": "2026-06-05T12:09:08.536Z",
    "atualizado_em": "2026-06-05T12:12:28.423Z"
  }
},
{
  "model": "estoque.produto",
  "pk": 51,
  "fields": {
    "hotel": 4,
    "categoria": 10,
    "nome": "Coca-Cola Lata (350ml)",
    "descricao": "Refrigerante Coca-Cola Lata 350ml",
    "imagem": "",
    "codigo_barras": null,
    "localizacao": null,
    "unidade_medida": "UN",
    "finalidade": "ambos",
    "preco_venda": "6.00",
    "estoque_atual": "370.00",
    "estoque_minimo": "24.00",
    "alerta_validade": true,
    "ativo": true,
    "criado_em": "2026-06-05T12:09:08.547Z",
    "atualizado_em": "2026-06-05T12:57:46.494Z"
  }
},
{
  "model": "estoque.produto",
  "pk": 52,
  "fields": {
    "hotel": 4,
    "categoria": 10,
    "nome": "Coca-Cola Zero Lata (350ml)",
    "descricao": "Refrigerante Coca-Cola Zero Lata 350ml",
    "imagem": "",
    "codigo_barras": null,
    "localizacao": null,
    "unidade_medida": "UN",
    "finalidade": "ambos",
    "preco_venda": "6.00",
    "estoque_atual": "190.00",
    "estoque_minimo": "12.00",
    "alerta_validade": true,
    "ativo": true,
    "criado_em": "2026-06-05T12:09:08.558Z",
    "atualizado_em": "2026-06-05T12:57:46.510Z"
  }
},
{
  "model": "estoque.produto",
  "pk": 53,
  "fields": {
    "hotel": 4,
    "categoria": 10,
    "nome": "Água Mineral Sem Gás (500ml)",
    "descricao": "Água mineral natural sem gás 500ml",
    "imagem": "",
    "codigo_barras": null,
    "localizacao": null,
    "unidade_medida": "UN",
    "finalidade": "ambos",
    "preco_venda": "4.00",
    "estoque_atual": "450.00",
    "estoque_minimo": "48.00",
    "alerta_validade": true,
    "ativo": true,
    "criado_em": "2026-06-05T12:09:08.569Z",
    "atualizado_em": "2026-06-05T12:12:28.327Z"
  }
},
{
  "model": "estoque.produto",
  "pk": 54,
  "fields": {
    "hotel": 4,
    "categoria": 10,
    "nome": "Água Mineral Com Gás (500ml)",
    "descricao": "Água mineral natural com gás 500ml",
    "imagem": "",
    "codigo_barras": null,
    "localizacao": null,
    "unidade_medida": "UN",
    "finalidade": "ambos",
    "preco_venda": "4.50",
    "estoque_atual": "200.00",
    "estoque_minimo": "24.00",
    "alerta_validade": true,
    "ativo": true,
    "criado_em": "2026-06-05T12:09:08.580Z",
    "atualizado_em": "2026-06-05T12:12:28.338Z"
  }
},
{
  "model": "estoque.produto",
  "pk": 55,
  "fields": {
    "hotel": 4,
    "categoria": 11,
    "nome": "Papel Higięnico Folha Dupla (Fardo 4 rolos)",
    "descricao": "Papel higięnico folha dupla fardo com 4 rolos para hóspedes",
    "imagem": "",
    "codigo_barras": null,
    "localizacao": null,
    "unidade_medida": "UN",
    "finalidade": "interno",
    "preco_venda": null,
    "estoque_atual": "50.00",
    "estoque_minimo": "10.00",
    "alerta_validade": true,
    "ativo": true,
    "criado_em": "2026-06-05T12:09:08.589Z",
    "atualizado_em": "2026-06-05T12:12:28.250Z"
  }
},
{
  "model": "estoque.produto",
  "pk": 56,
  "fields": {
    "hotel": 4,
    "categoria": 11,
    "nome": "Sabonete em Barra Mini (15g)",
    "descricao": "Sabonete mini em barra 15g para amenities",
    "imagem": "",
    "codigo_barras": null,
    "localizacao": null,
    "unidade_medida": "UN",
    "finalidade": "interno",
    "preco_venda": null,
    "estoque_atual": "1000.00",
    "estoque_minimo": "100.00",
    "alerta_validade": true,
    "ativo": true,
    "criado_em": "2026-06-05T12:09:08.598Z",
    "atualizado_em": "2026-06-05T12:12:28.459Z"
  }
},
{
  "model": "estoque.produto",
  "pk": 57,
  "fields": {
    "hotel": 4,
    "categoria": 11,
    "nome": "Shampoo & Condicionador Sachę (10ml)",
    "descricao": "Sachę de shampoo e condicionador 2 em 1 10ml para amenities",
    "imagem": "",
    "codigo_barras": null,
    "localizacao": null,
    "unidade_medida": "UN",
    "finalidade": "interno",
    "preco_venda": null,
    "estoque_atual": "600.00",
    "estoque_minimo": "80.00",
    "alerta_validade": true,
    "ativo": true,
    "criado_em": "2026-06-05T12:09:08.605Z",
    "atualizado_em": "2026-06-05T12:12:28.473Z"
  }
},
{
  "model": "estoque.produto",
  "pk": 58,
  "fields": {
    "hotel": 4,
    "categoria": 12,
    "nome": "Detergente Líquido (500ml)",
    "descricao": "Detergente líquido neutro para lavagem de louças",
    "imagem": "",
    "codigo_barras": null,
    "localizacao": null,
    "unidade_medida": "UN",
    "finalidade": "interno",
    "preco_venda": null,
    "estoque_atual": "35.00",
    "estoque_minimo": "5.00",
    "alerta_validade": true,
    "ativo": true,
    "criado_em": "2026-06-05T12:09:08.613Z",
    "atualizado_em": "2026-06-05T12:12:28.364Z"
  }
},
{
  "model": "estoque.produto",
  "pk": 59,
  "fields": {
    "hotel": 4,
    "categoria": 12,
    "nome": "Desinfetante Pinho (1L)",
    "descricao": "Desinfetante uso geral aroma pinho 1 litro",
    "imagem": "",
    "codigo_barras": null,
    "localizacao": null,
    "unidade_medida": "UN",
    "finalidade": "interno",
    "preco_venda": null,
    "estoque_atual": "20.00",
    "estoque_minimo": "3.00",
    "alerta_validade": true,
    "ativo": true,
    "criado_em": "2026-06-05T12:09:08.620Z",
    "atualizado_em": "2026-06-05T12:12:28.376Z"
  }
},
{
  "model": "estoque.produto",
  "pk": 60,
  "fields": {
    "hotel": 4,
    "categoria": 12,
    "nome": "Saco de Lixo 50L (Pacote 10 unidades)",
    "descricao": "Saco para lixo reforçado 50 litros",
    "imagem": "",
    "codigo_barras": null,
    "localizacao": null,
    "unidade_medida": "UN",
    "finalidade": "interno",
    "preco_venda": null,
    "estoque_atual": "40.00",
    "estoque_minimo": "8.00",
    "alerta_validade": true,
    "ativo": true,
    "criado_em": "2026-06-05T12:09:08.629Z",
    "atualizado_em": "2026-06-05T12:12:28.388Z"
  }
},
{
  "model": "estoque.compra",
  "pk": 1,
  "fields": {
    "hotel": 4,
    "fornecedor": 10,
    "data_compra": "2026-04-10",
    "observacao": "Abastecimento mensal de cervejas premium para frigobar.",
    "valor_total": "660.00",
    "status": "recebida",
    "pago": true,
    "recebido": true,
    "criado_por": 1,
    "criado_em": "2026-06-05T12:12:28.144Z"
  }
},
{
  "model": "estoque.compra",
  "pk": 2,
  "fields": {
    "hotel": 4,
    "fornecedor": 11,
    "data_compra": "2026-04-15",
    "observacao": "Refrigerantes em lata e águas minerais.",
    "valor_total": "725.00",
    "status": "recebida",
    "pago": true,
    "recebido": true,
    "criado_por": 1,
    "criado_em": "2026-06-05T12:12:28.182Z"
  }
},
{
  "model": "estoque.compra",
  "pk": 3,
  "fields": {
    "hotel": 4,
    "fornecedor": 12,
    "data_compra": "2026-04-20",
    "observacao": "Insumos gerais para quartos e banheiros (sabonete/papel).",
    "valor_total": "440.00",
    "status": "recebida",
    "pago": true,
    "recebido": true,
    "criado_por": 1,
    "criado_em": "2026-06-05T12:12:28.240Z"
  }
},
{
  "model": "estoque.compra",
  "pk": 4,
  "fields": {
    "hotel": 4,
    "fornecedor": 10,
    "data_compra": "2026-04-28",
    "observacao": "Cervejas populares e guaraná.",
    "valor_total": "1192.00",
    "status": "recebida",
    "pago": true,
    "recebido": true,
    "criado_por": 1,
    "criado_em": "2026-06-05T12:12:28.276Z"
  }
},
{
  "model": "estoque.compra",
  "pk": 5,
  "fields": {
    "hotel": 4,
    "fornecedor": 11,
    "data_compra": "2026-05-05",
    "observacao": "Água com e sem gás para estoque central.",
    "valor_total": "520.00",
    "status": "recebida",
    "pago": true,
    "recebido": true,
    "criado_por": 1,
    "criado_em": "2026-06-05T12:12:28.319Z"
  }
},
{
  "model": "estoque.compra",
  "pk": 6,
  "fields": {
    "hotel": 4,
    "fornecedor": 12,
    "data_compra": "2026-05-12",
    "observacao": "Produtos de limpeza de rotina da pousada.",
    "valor_total": "240.00",
    "status": "recebida",
    "pago": true,
    "recebido": true,
    "criado_por": 1,
    "criado_em": "2026-06-05T12:12:28.355Z"
  }
},
{
  "model": "estoque.compra",
  "pk": 7,
  "fields": {
    "hotel": 4,
    "fornecedor": 10,
    "data_compra": "2026-05-18",
    "observacao": "Reposiçăo emergencial de Stella e Guaraná.",
    "valor_total": "720.00",
    "status": "recebida",
    "pago": true,
    "recebido": true,
    "criado_por": 1,
    "criado_em": "2026-06-05T12:12:28.405Z"
  }
},
{
  "model": "estoque.compra",
  "pk": 8,
  "fields": {
    "hotel": 4,
    "fornecedor": 11,
    "data_compra": "2026-05-22",
    "observacao": "Pedido cancelado devido a erro de faturamento do distribuidor.",
    "valor_total": "288.00",
    "status": "cancelada",
    "pago": false,
    "recebido": false,
    "criado_por": 1,
    "criado_em": "2026-06-05T12:12:28.438Z"
  }
},
{
  "model": "estoque.compra",
  "pk": 9,
  "fields": {
    "hotel": 4,
    "fornecedor": 12,
    "data_compra": "2026-05-25",
    "observacao": "Reposiçăo de amenities de banheiro para hóspedes.",
    "valor_total": "660.00",
    "status": "recebida",
    "pago": true,
    "recebido": true,
    "criado_por": 1,
    "criado_em": "2026-06-05T12:12:28.451Z"
  }
},
{
  "model": "estoque.compra",
  "pk": 10,
  "fields": {
    "hotel": 4,
    "fornecedor": 10,
    "data_compra": "2026-06-01",
    "observacao": "Cervejas Corona e Brahma para início do męs.",
    "valor_total": "574.00",
    "status": "recebida",
    "pago": true,
    "recebido": true,
    "criado_por": 1,
    "criado_em": "2026-06-05T12:12:28.494Z"
  }
},
{
  "model": "estoque.compra",
  "pk": 11,
  "fields": {
    "hotel": 4,
    "fornecedor": 11,
    "data_compra": "2026-06-04",
    "observacao": "Aguardando entrega de lote de refrigerantes para o final de semana.",
    "valor_total": "648.00",
    "status": "recebida",
    "pago": true,
    "recebido": true,
    "criado_por": 1,
    "criado_em": "2026-06-05T12:12:28.534Z"
  }
},
{
  "model": "estoque.compra",
  "pk": 12,
  "fields": {
    "hotel": 4,
    "fornecedor": 12,
    "data_compra": "2026-06-05",
    "observacao": "Compra pendente de insumos e sacos de lixo.",
    "valor_total": "188.50",
    "status": "pendente",
    "pago": false,
    "recebido": false,
    "criado_por": 1,
    "criado_em": "2026-06-05T12:12:28.550Z"
  }
},
{
  "model": "estoque.itemcompra",
  "pk": 1,
  "fields": {
    "compra": 1,
    "produto": 49,
    "quantidade": "50.00",
    "preco_unitario": "8.00",
    "subtotal": "400.00",
    "validade": null
  }
},
{
  "model": "estoque.itemcompra",
  "pk": 2,
  "fields": {
    "compra": 1,
    "produto": 46,
    "quantidade": "40.00",
    "preco_unitario": "6.50",
    "subtotal": "260.00",
    "validade": null
  }
},
{
  "model": "estoque.itemcompra",
  "pk": 3,
  "fields": {
    "compra": 2,
    "produto": 51,
    "quantidade": "100.00",
    "preco_unitario": "3.50",
    "subtotal": "350.00",
    "validade": null
  }
},
{
  "model": "estoque.itemcompra",
  "pk": 4,
  "fields": {
    "compra": 2,
    "produto": 52,
    "quantidade": "50.00",
    "preco_unitario": "3.50",
    "subtotal": "175.00",
    "validade": null
  }
},
{
  "model": "estoque.itemcompra",
  "pk": 5,
  "fields": {
    "compra": 2,
    "produto": 53,
    "quantidade": "100.00",
    "preco_unitario": "2.00",
    "subtotal": "200.00",
    "validade": null
  }
},
{
  "model": "estoque.itemcompra",
  "pk": 6,
  "fields": {
    "compra": 3,
    "produto": 55,
    "quantidade": "20.00",
    "preco_unitario": "10.00",
    "subtotal": "200.00",
    "validade": null
  }
},
{
  "model": "estoque.itemcompra",
  "pk": 7,
  "fields": {
    "compra": 3,
    "produto": 56,
    "quantidade": "200.00",
    "preco_unitario": "1.20",
    "subtotal": "240.00",
    "validade": null
  }
},
{
  "model": "estoque.itemcompra",
  "pk": 8,
  "fields": {
    "compra": 4,
    "produto": 47,
    "quantidade": "120.00",
    "preco_unitario": "4.00",
    "subtotal": "480.00",
    "validade": null
  }
},
{
  "model": "estoque.itemcompra",
  "pk": 9,
  "fields": {
    "compra": 4,
    "produto": 48,
    "quantidade": "120.00",
    "preco_unitario": "3.80",
    "subtotal": "456.00",
    "validade": null
  }
},
{
  "model": "estoque.itemcompra",
  "pk": 10,
  "fields": {
    "compra": 4,
    "produto": 50,
    "quantidade": "80.00",
    "preco_unitario": "3.20",
    "subtotal": "256.00",
    "validade": null
  }
},
{
  "model": "estoque.itemcompra",
  "pk": 11,
  "fields": {
    "compra": 5,
    "produto": 53,
    "quantidade": "150.00",
    "preco_unitario": "2.00",
    "subtotal": "300.00",
    "validade": null
  }
},
{
  "model": "estoque.itemcompra",
  "pk": 12,
  "fields": {
    "compra": 5,
    "produto": 54,
    "quantidade": "100.00",
    "preco_unitario": "2.20",
    "subtotal": "220.00",
    "validade": null
  }
},
{
  "model": "estoque.itemcompra",
  "pk": 13,
  "fields": {
    "compra": 6,
    "produto": 58,
    "quantidade": "20.00",
    "preco_unitario": "3.00",
    "subtotal": "60.00",
    "validade": null
  }
},
{
  "model": "estoque.itemcompra",
  "pk": 14,
  "fields": {
    "compra": 6,
    "produto": 59,
    "quantidade": "10.00",
    "preco_unitario": "6.00",
    "subtotal": "60.00",
    "validade": null
  }
},
{
  "model": "estoque.itemcompra",
  "pk": 15,
  "fields": {
    "compra": 6,
    "produto": 60,
    "quantidade": "15.00",
    "preco_unitario": "8.00",
    "subtotal": "120.00",
    "validade": null
  }
},
{
  "model": "estoque.itemcompra",
  "pk": 16,
  "fields": {
    "compra": 7,
    "produto": 46,
    "quantidade": "60.00",
    "preco_unitario": "6.50",
    "subtotal": "390.00",
    "validade": null
  }
},
{
  "model": "estoque.itemcompra",
  "pk": 17,
  "fields": {
    "compra": 7,
    "produto": 50,
    "quantidade": "100.00",
    "preco_unitario": "3.30",
    "subtotal": "330.00",
    "validade": null
  }
},
{
  "model": "estoque.itemcompra",
  "pk": 18,
  "fields": {
    "compra": 8,
    "produto": 51,
    "quantidade": "80.00",
    "preco_unitario": "3.60",
    "subtotal": "288.00",
    "validade": null
  }
},
{
  "model": "estoque.itemcompra",
  "pk": 19,
  "fields": {
    "compra": 9,
    "produto": 56,
    "quantidade": "300.00",
    "preco_unitario": "1.20",
    "subtotal": "360.00",
    "validade": null
  }
},
{
  "model": "estoque.itemcompra",
  "pk": 20,
  "fields": {
    "compra": 9,
    "produto": 57,
    "quantidade": "200.00",
    "preco_unitario": "1.50",
    "subtotal": "300.00",
    "validade": null
  }
},
{
  "model": "estoque.itemcompra",
  "pk": 21,
  "fields": {
    "compra": 10,
    "produto": 49,
    "quantidade": "30.00",
    "preco_unitario": "8.20",
    "subtotal": "246.00",
    "validade": null
  }
},
{
  "model": "estoque.itemcompra",
  "pk": 22,
  "fields": {
    "compra": 10,
    "produto": 47,
    "quantidade": "80.00",
    "preco_unitario": "4.10",
    "subtotal": "328.00",
    "validade": null
  }
},
{
  "model": "estoque.itemcompra",
  "pk": 23,
  "fields": {
    "compra": 11,
    "produto": 51,
    "quantidade": "120.00",
    "preco_unitario": "3.60",
    "subtotal": "432.00",
    "validade": null
  }
},
{
  "model": "estoque.itemcompra",
  "pk": 24,
  "fields": {
    "compra": 11,
    "produto": 52,
    "quantidade": "60.00",
    "preco_unitario": "3.60",
    "subtotal": "216.00",
    "validade": null
  }
},
{
  "model": "estoque.itemcompra",
  "pk": 25,
  "fields": {
    "compra": 12,
    "produto": 55,
    "quantidade": "15.00",
    "preco_unitario": "10.50",
    "subtotal": "157.50",
    "validade": null
  }
},
{
  "model": "estoque.itemcompra",
  "pk": 26,
  "fields": {
    "compra": 12,
    "produto": 58,
    "quantidade": "10.00",
    "preco_unitario": "3.10",
    "subtotal": "31.00",
    "validade": null
  }
},
{
  "model": "estoque.movimentoestoque",
  "pk": 1,
  "fields": {
    "hotel": 1,
    "produto": 1,
    "tipo": "ajuste",
    "quantidade": "50.00",
    "referencia": "Carga inicial de teste (Script)",
    "criado_por": null,
    "movimento_origem": null,
    "criado_em": "2026-06-05T12:09:07.968Z"
  }
},
{
  "model": "estoque.movimentoestoque",
  "pk": 2,
  "fields": {
    "hotel": 1,
    "produto": 2,
    "tipo": "ajuste",
    "quantidade": "100.00",
    "referencia": "Carga inicial de teste (Script)",
    "criado_por": null,
    "movimento_origem": null,
    "criado_em": "2026-06-05T12:09:07.981Z"
  }
},
{
  "model": "estoque.movimentoestoque",
  "pk": 3,
  "fields": {
    "hotel": 1,
    "produto": 3,
    "tipo": "ajuste",
    "quantidade": "120.00",
    "referencia": "Carga inicial de teste (Script)",
    "criado_por": null,
    "movimento_origem": null,
    "criado_em": "2026-06-05T12:09:07.990Z"
  }
},
{
  "model": "estoque.movimentoestoque",
  "pk": 4,
  "fields": {
    "hotel": 1,
    "produto": 4,
    "tipo": "ajuste",
    "quantidade": "40.00",
    "referencia": "Carga inicial de teste (Script)",
    "criado_por": null,
    "movimento_origem": null,
    "criado_em": "2026-06-05T12:09:08.002Z"
  }
},
{
  "model": "estoque.movimentoestoque",
  "pk": 5,
  "fields": {
    "hotel": 1,
    "produto": 5,
    "tipo": "ajuste",
    "quantidade": "80.00",
    "referencia": "Carga inicial de teste (Script)",
    "criado_por": null,
    "movimento_origem": null,
    "criado_em": "2026-06-05T12:09:08.013Z"
  }
},
{
  "model": "estoque.movimentoestoque",
  "pk": 6,
  "fields": {
    "hotel": 1,
    "produto": 6,
    "tipo": "ajuste",
    "quantidade": "150.00",
    "referencia": "Carga inicial de teste (Script)",
    "criado_por": null,
    "movimento_origem": null,
    "criado_em": "2026-06-05T12:09:08.022Z"
  }
},
{
  "model": "estoque.movimentoestoque",
  "pk": 7,
  "fields": {
    "hotel": 1,
    "produto": 7,
    "tipo": "ajuste",
    "quantidade": "80.00",
    "referencia": "Carga inicial de teste (Script)",
    "criado_por": null,
    "movimento_origem": null,
    "criado_em": "2026-06-05T12:09:08.033Z"
  }
},
{
  "model": "estoque.movimentoestoque",
  "pk": 8,
  "fields": {
    "hotel": 1,
    "produto": 8,
    "tipo": "ajuste",
    "quantidade": "200.00",
    "referencia": "Carga inicial de teste (Script)",
    "criado_por": null,
    "movimento_origem": null,
    "criado_em": "2026-06-05T12:09:08.043Z"
  }
},
{
  "model": "estoque.movimentoestoque",
  "pk": 9,
  "fields": {
    "hotel": 1,
    "produto": 9,
    "tipo": "ajuste",
    "quantidade": "100.00",
    "referencia": "Carga inicial de teste (Script)",
    "criado_por": null,
    "movimento_origem": null,
    "criado_em": "2026-06-05T12:09:08.054Z"
  }
},
{
  "model": "estoque.movimentoestoque",
  "pk": 10,
  "fields": {
    "hotel": 1,
    "produto": 10,
    "tipo": "ajuste",
    "quantidade": "30.00",
    "referencia": "Carga inicial de teste (Script)",
    "criado_por": null,
    "movimento_origem": null,
    "criado_em": "2026-06-05T12:09:08.066Z"
  }
},
{
  "model": "estoque.movimentoestoque",
  "pk": 11,
  "fields": {
    "hotel": 1,
    "produto": 11,
    "tipo": "ajuste",
    "quantidade": "500.00",
    "referencia": "Carga inicial de teste (Script)",
    "criado_por": null,
    "movimento_origem": null,
    "criado_em": "2026-06-05T12:09:08.073Z"
  }
},
{
  "model": "estoque.movimentoestoque",
  "pk": 12,
  "fields": {
    "hotel": 1,
    "produto": 12,
    "tipo": "ajuste",
    "quantidade": "400.00",
    "referencia": "Carga inicial de teste (Script)",
    "criado_por": null,
    "movimento_origem": null,
    "criado_em": "2026-06-05T12:09:08.083Z"
  }
},
{
  "model": "estoque.movimentoestoque",
  "pk": 13,
  "fields": {
    "hotel": 1,
    "produto": 13,
    "tipo": "ajuste",
    "quantidade": "15.00",
    "referencia": "Carga inicial de teste (Script)",
    "criado_por": null,
    "movimento_origem": null,
    "criado_em": "2026-06-05T12:09:08.090Z"
  }
},
{
  "model": "estoque.movimentoestoque",
  "pk": 14,
  "fields": {
    "hotel": 1,
    "produto": 14,
    "tipo": "ajuste",
    "quantidade": "10.00",
    "referencia": "Carga inicial de teste (Script)",
    "criado_por": null,
    "movimento_origem": null,
    "criado_em": "2026-06-05T12:09:08.099Z"
  }
},
{
  "model": "estoque.movimentoestoque",
  "pk": 15,
  "fields": {
    "hotel": 1,
    "produto": 15,
    "tipo": "ajuste",
    "quantidade": "25.00",
    "referencia": "Carga inicial de teste (Script)",
    "criado_por": null,
    "movimento_origem": null,
    "criado_em": "2026-06-05T12:09:08.108Z"
  }
},
{
  "model": "estoque.movimentoestoque",
  "pk": 16,
  "fields": {
    "hotel": 2,
    "produto": 16,
    "tipo": "ajuste",
    "quantidade": "50.00",
    "referencia": "Carga inicial de teste (Script)",
    "criado_por": null,
    "movimento_origem": null,
    "criado_em": "2026-06-05T12:09:08.155Z"
  }
},
{
  "model": "estoque.movimentoestoque",
  "pk": 17,
  "fields": {
    "hotel": 2,
    "produto": 17,
    "tipo": "ajuste",
    "quantidade": "100.00",
    "referencia": "Carga inicial de teste (Script)",
    "criado_por": null,
    "movimento_origem": null,
    "criado_em": "2026-06-05T12:09:08.166Z"
  }
},
{
  "model": "estoque.movimentoestoque",
  "pk": 18,
  "fields": {
    "hotel": 2,
    "produto": 18,
    "tipo": "ajuste",
    "quantidade": "120.00",
    "referencia": "Carga inicial de teste (Script)",
    "criado_por": null,
    "movimento_origem": null,
    "criado_em": "2026-06-05T12:09:08.175Z"
  }
},
{
  "model": "estoque.movimentoestoque",
  "pk": 19,
  "fields": {
    "hotel": 2,
    "produto": 19,
    "tipo": "ajuste",
    "quantidade": "40.00",
    "referencia": "Carga inicial de teste (Script)",
    "criado_por": null,
    "movimento_origem": null,
    "criado_em": "2026-06-05T12:09:08.188Z"
  }
},
{
  "model": "estoque.movimentoestoque",
  "pk": 20,
  "fields": {
    "hotel": 2,
    "produto": 20,
    "tipo": "ajuste",
    "quantidade": "80.00",
    "referencia": "Carga inicial de teste (Script)",
    "criado_por": null,
    "movimento_origem": null,
    "criado_em": "2026-06-05T12:09:08.202Z"
  }
},
{
  "model": "estoque.movimentoestoque",
  "pk": 21,
  "fields": {
    "hotel": 2,
    "produto": 21,
    "tipo": "ajuste",
    "quantidade": "150.00",
    "referencia": "Carga inicial de teste (Script)",
    "criado_por": null,
    "movimento_origem": null,
    "criado_em": "2026-06-05T12:09:08.214Z"
  }
},
{
  "model": "estoque.movimentoestoque",
  "pk": 22,
  "fields": {
    "hotel": 2,
    "produto": 22,
    "tipo": "ajuste",
    "quantidade": "80.00",
    "referencia": "Carga inicial de teste (Script)",
    "criado_por": null,
    "movimento_origem": null,
    "criado_em": "2026-06-05T12:09:08.224Z"
  }
},
{
  "model": "estoque.movimentoestoque",
  "pk": 23,
  "fields": {
    "hotel": 2,
    "produto": 23,
    "tipo": "ajuste",
    "quantidade": "200.00",
    "referencia": "Carga inicial de teste (Script)",
    "criado_por": null,
    "movimento_origem": null,
    "criado_em": "2026-06-05T12:09:08.236Z"
  }
},
{
  "model": "estoque.movimentoestoque",
  "pk": 24,
  "fields": {
    "hotel": 2,
    "produto": 24,
    "tipo": "ajuste",
    "quantidade": "100.00",
    "referencia": "Carga inicial de teste (Script)",
    "criado_por": null,
    "movimento_origem": null,
    "criado_em": "2026-06-05T12:09:08.247Z"
  }
},
{
  "model": "estoque.movimentoestoque",
  "pk": 25,
  "fields": {
    "hotel": 2,
    "produto": 25,
    "tipo": "ajuste",
    "quantidade": "30.00",
    "referencia": "Carga inicial de teste (Script)",
    "criado_por": null,
    "movimento_origem": null,
    "criado_em": "2026-06-05T12:09:08.256Z"
  }
},
{
  "model": "estoque.movimentoestoque",
  "pk": 26,
  "fields": {
    "hotel": 2,
    "produto": 26,
    "tipo": "ajuste",
    "quantidade": "500.00",
    "referencia": "Carga inicial de teste (Script)",
    "criado_por": null,
    "movimento_origem": null,
    "criado_em": "2026-06-05T12:09:08.267Z"
  }
},
{
  "model": "estoque.movimentoestoque",
  "pk": 27,
  "fields": {
    "hotel": 2,
    "produto": 27,
    "tipo": "ajuste",
    "quantidade": "400.00",
    "referencia": "Carga inicial de teste (Script)",
    "criado_por": null,
    "movimento_origem": null,
    "criado_em": "2026-06-05T12:09:08.273Z"
  }
},
{
  "model": "estoque.movimentoestoque",
  "pk": 28,
  "fields": {
    "hotel": 2,
    "produto": 28,
    "tipo": "ajuste",
    "quantidade": "15.00",
    "referencia": "Carga inicial de teste (Script)",
    "criado_por": null,
    "movimento_origem": null,
    "criado_em": "2026-06-05T12:09:08.282Z"
  }
},
{
  "model": "estoque.movimentoestoque",
  "pk": 29,
  "fields": {
    "hotel": 2,
    "produto": 29,
    "tipo": "ajuste",
    "quantidade": "10.00",
    "referencia": "Carga inicial de teste (Script)",
    "criado_por": null,
    "movimento_origem": null,
    "criado_em": "2026-06-05T12:09:08.288Z"
  }
},
{
  "model": "estoque.movimentoestoque",
  "pk": 30,
  "fields": {
    "hotel": 2,
    "produto": 30,
    "tipo": "ajuste",
    "quantidade": "25.00",
    "referencia": "Carga inicial de teste (Script)",
    "criado_por": null,
    "movimento_origem": null,
    "criado_em": "2026-06-05T12:09:08.297Z"
  }
},
{
  "model": "estoque.movimentoestoque",
  "pk": 31,
  "fields": {
    "hotel": 3,
    "produto": 31,
    "tipo": "ajuste",
    "quantidade": "50.00",
    "referencia": "Carga inicial de teste (Script)",
    "criado_por": null,
    "movimento_origem": null,
    "criado_em": "2026-06-05T12:09:08.326Z"
  }
},
{
  "model": "estoque.movimentoestoque",
  "pk": 32,
  "fields": {
    "hotel": 3,
    "produto": 32,
    "tipo": "ajuste",
    "quantidade": "100.00",
    "referencia": "Carga inicial de teste (Script)",
    "criado_por": null,
    "movimento_origem": null,
    "criado_em": "2026-06-05T12:09:08.338Z"
  }
},
{
  "model": "estoque.movimentoestoque",
  "pk": 33,
  "fields": {
    "hotel": 3,
    "produto": 33,
    "tipo": "ajuste",
    "quantidade": "120.00",
    "referencia": "Carga inicial de teste (Script)",
    "criado_por": null,
    "movimento_origem": null,
    "criado_em": "2026-06-05T12:09:08.349Z"
  }
},
{
  "model": "estoque.movimentoestoque",
  "pk": 34,
  "fields": {
    "hotel": 3,
    "produto": 34,
    "tipo": "ajuste",
    "quantidade": "40.00",
    "referencia": "Carga inicial de teste (Script)",
    "criado_por": null,
    "movimento_origem": null,
    "criado_em": "2026-06-05T12:09:08.359Z"
  }
},
{
  "model": "estoque.movimentoestoque",
  "pk": 35,
  "fields": {
    "hotel": 3,
    "produto": 35,
    "tipo": "ajuste",
    "quantidade": "80.00",
    "referencia": "Carga inicial de teste (Script)",
    "criado_por": null,
    "movimento_origem": null,
    "criado_em": "2026-06-05T12:09:08.370Z"
  }
},
{
  "model": "estoque.movimentoestoque",
  "pk": 36,
  "fields": {
    "hotel": 3,
    "produto": 36,
    "tipo": "ajuste",
    "quantidade": "150.00",
    "referencia": "Carga inicial de teste (Script)",
    "criado_por": null,
    "movimento_origem": null,
    "criado_em": "2026-06-05T12:09:08.382Z"
  }
},
{
  "model": "estoque.movimentoestoque",
  "pk": 37,
  "fields": {
    "hotel": 3,
    "produto": 37,
    "tipo": "ajuste",
    "quantidade": "80.00",
    "referencia": "Carga inicial de teste (Script)",
    "criado_por": null,
    "movimento_origem": null,
    "criado_em": "2026-06-05T12:09:08.391Z"
  }
},
{
  "model": "estoque.movimentoestoque",
  "pk": 38,
  "fields": {
    "hotel": 3,
    "produto": 38,
    "tipo": "ajuste",
    "quantidade": "200.00",
    "referencia": "Carga inicial de teste (Script)",
    "criado_por": null,
    "movimento_origem": null,
    "criado_em": "2026-06-05T12:09:08.403Z"
  }
},
{
  "model": "estoque.movimentoestoque",
  "pk": 39,
  "fields": {
    "hotel": 3,
    "produto": 39,
    "tipo": "ajuste",
    "quantidade": "100.00",
    "referencia": "Carga inicial de teste (Script)",
    "criado_por": null,
    "movimento_origem": null,
    "criado_em": "2026-06-05T12:09:08.415Z"
  }
},
{
  "model": "estoque.movimentoestoque",
  "pk": 40,
  "fields": {
    "hotel": 3,
    "produto": 40,
    "tipo": "ajuste",
    "quantidade": "30.00",
    "referencia": "Carga inicial de teste (Script)",
    "criado_por": null,
    "movimento_origem": null,
    "criado_em": "2026-06-05T12:09:08.424Z"
  }
},
{
  "model": "estoque.movimentoestoque",
  "pk": 41,
  "fields": {
    "hotel": 3,
    "produto": 41,
    "tipo": "ajuste",
    "quantidade": "500.00",
    "referencia": "Carga inicial de teste (Script)",
    "criado_por": null,
    "movimento_origem": null,
    "criado_em": "2026-06-05T12:09:08.433Z"
  }
},
{
  "model": "estoque.movimentoestoque",
  "pk": 42,
  "fields": {
    "hotel": 3,
    "produto": 42,
    "tipo": "ajuste",
    "quantidade": "400.00",
    "referencia": "Carga inicial de teste (Script)",
    "criado_por": null,
    "movimento_origem": null,
    "criado_em": "2026-06-05T12:09:08.439Z"
  }
},
{
  "model": "estoque.movimentoestoque",
  "pk": 43,
  "fields": {
    "hotel": 3,
    "produto": 43,
    "tipo": "ajuste",
    "quantidade": "15.00",
    "referencia": "Carga inicial de teste (Script)",
    "criado_por": null,
    "movimento_origem": null,
    "criado_em": "2026-06-05T12:09:08.446Z"
  }
},
{
  "model": "estoque.movimentoestoque",
  "pk": 44,
  "fields": {
    "hotel": 3,
    "produto": 44,
    "tipo": "ajuste",
    "quantidade": "10.00",
    "referencia": "Carga inicial de teste (Script)",
    "criado_por": null,
    "movimento_origem": null,
    "criado_em": "2026-06-05T12:09:08.453Z"
  }
},
{
  "model": "estoque.movimentoestoque",
  "pk": 45,
  "fields": {
    "hotel": 3,
    "produto": 45,
    "tipo": "ajuste",
    "quantidade": "25.00",
    "referencia": "Carga inicial de teste (Script)",
    "criado_por": null,
    "movimento_origem": null,
    "criado_em": "2026-06-05T12:09:08.459Z"
  }
},
{
  "model": "estoque.movimentoestoque",
  "pk": 46,
  "fields": {
    "hotel": 4,
    "produto": 46,
    "tipo": "ajuste",
    "quantidade": "50.00",
    "referencia": "Carga inicial de teste (Script)",
    "criado_por": null,
    "movimento_origem": null,
    "criado_em": "2026-06-05T12:09:08.490Z"
  }
},
{
  "model": "estoque.movimentoestoque",
  "pk": 47,
  "fields": {
    "hotel": 4,
    "produto": 47,
    "tipo": "ajuste",
    "quantidade": "100.00",
    "referencia": "Carga inicial de teste (Script)",
    "criado_por": null,
    "movimento_origem": null,
    "criado_em": "2026-06-05T12:09:08.501Z"
  }
},
{
  "model": "estoque.movimentoestoque",
  "pk": 48,
  "fields": {
    "hotel": 4,
    "produto": 48,
    "tipo": "ajuste",
    "quantidade": "120.00",
    "referencia": "Carga inicial de teste (Script)",
    "criado_por": null,
    "movimento_origem": null,
    "criado_em": "2026-06-05T12:09:08.512Z"
  }
},
{
  "model": "estoque.movimentoestoque",
  "pk": 49,
  "fields": {
    "hotel": 4,
    "produto": 49,
    "tipo": "ajuste",
    "quantidade": "40.00",
    "referencia": "Carga inicial de teste (Script)",
    "criado_por": null,
    "movimento_origem": null,
    "criado_em": "2026-06-05T12:09:08.529Z"
  }
},
{
  "model": "estoque.movimentoestoque",
  "pk": 50,
  "fields": {
    "hotel": 4,
    "produto": 50,
    "tipo": "ajuste",
    "quantidade": "80.00",
    "referencia": "Carga inicial de teste (Script)",
    "criado_por": null,
    "movimento_origem": null,
    "criado_em": "2026-06-05T12:09:08.539Z"
  }
},
{
  "model": "estoque.movimentoestoque",
  "pk": 51,
  "fields": {
    "hotel": 4,
    "produto": 51,
    "tipo": "ajuste",
    "quantidade": "150.00",
    "referencia": "Carga inicial de teste (Script)",
    "criado_por": null,
    "movimento_origem": null,
    "criado_em": "2026-06-05T12:09:08.551Z"
  }
},
{
  "model": "estoque.movimentoestoque",
  "pk": 52,
  "fields": {
    "hotel": 4,
    "produto": 52,
    "tipo": "ajuste",
    "quantidade": "80.00",
    "referencia": "Carga inicial de teste (Script)",
    "criado_por": null,
    "movimento_origem": null,
    "criado_em": "2026-06-05T12:09:08.562Z"
  }
},
{
  "model": "estoque.movimentoestoque",
  "pk": 53,
  "fields": {
    "hotel": 4,
    "produto": 53,
    "tipo": "ajuste",
    "quantidade": "200.00",
    "referencia": "Carga inicial de teste (Script)",
    "criado_por": null,
    "movimento_origem": null,
    "criado_em": "2026-06-05T12:09:08.572Z"
  }
},
{
  "model": "estoque.movimentoestoque",
  "pk": 54,
  "fields": {
    "hotel": 4,
    "produto": 54,
    "tipo": "ajuste",
    "quantidade": "100.00",
    "referencia": "Carga inicial de teste (Script)",
    "criado_por": null,
    "movimento_origem": null,
    "criado_em": "2026-06-05T12:09:08.583Z"
  }
},
{
  "model": "estoque.movimentoestoque",
  "pk": 55,
  "fields": {
    "hotel": 4,
    "produto": 55,
    "tipo": "ajuste",
    "quantidade": "30.00",
    "referencia": "Carga inicial de teste (Script)",
    "criado_por": null,
    "movimento_origem": null,
    "criado_em": "2026-06-05T12:09:08.592Z"
  }
},
{
  "model": "estoque.movimentoestoque",
  "pk": 56,
  "fields": {
    "hotel": 4,
    "produto": 56,
    "tipo": "ajuste",
    "quantidade": "500.00",
    "referencia": "Carga inicial de teste (Script)",
    "criado_por": null,
    "movimento_origem": null,
    "criado_em": "2026-06-05T12:09:08.601Z"
  }
},
{
  "model": "estoque.movimentoestoque",
  "pk": 57,
  "fields": {
    "hotel": 4,
    "produto": 57,
    "tipo": "ajuste",
    "quantidade": "400.00",
    "referencia": "Carga inicial de teste (Script)",
    "criado_por": null,
    "movimento_origem": null,
    "criado_em": "2026-06-05T12:09:08.607Z"
  }
},
{
  "model": "estoque.movimentoestoque",
  "pk": 58,
  "fields": {
    "hotel": 4,
    "produto": 58,
    "tipo": "ajuste",
    "quantidade": "15.00",
    "referencia": "Carga inicial de teste (Script)",
    "criado_por": null,
    "movimento_origem": null,
    "criado_em": "2026-06-05T12:09:08.616Z"
  }
},
{
  "model": "estoque.movimentoestoque",
  "pk": 59,
  "fields": {
    "hotel": 4,
    "produto": 59,
    "tipo": "ajuste",
    "quantidade": "10.00",
    "referencia": "Carga inicial de teste (Script)",
    "criado_por": null,
    "movimento_origem": null,
    "criado_em": "2026-06-05T12:09:08.623Z"
  }
},
{
  "model": "estoque.movimentoestoque",
  "pk": 60,
  "fields": {
    "hotel": 4,
    "produto": 60,
    "tipo": "ajuste",
    "quantidade": "25.00",
    "referencia": "Carga inicial de teste (Script)",
    "criado_por": null,
    "movimento_origem": null,
    "criado_em": "2026-06-05T12:09:08.632Z"
  }
},
{
  "model": "estoque.movimentoestoque",
  "pk": 61,
  "fields": {
    "hotel": 4,
    "produto": 49,
    "tipo": "entrada",
    "quantidade": "50.00",
    "referencia": "Entrada por Compra #1",
    "criado_por": 1,
    "movimento_origem": null,
    "criado_em": "2026-06-05T12:12:28.156Z"
  }
},
{
  "model": "estoque.movimentoestoque",
  "pk": 62,
  "fields": {
    "hotel": 4,
    "produto": 46,
    "tipo": "entrada",
    "quantidade": "40.00",
    "referencia": "Entrada por Compra #1",
    "criado_por": 1,
    "movimento_origem": null,
    "criado_em": "2026-06-05T12:12:28.169Z"
  }
},
{
  "model": "estoque.movimentoestoque",
  "pk": 63,
  "fields": {
    "hotel": 4,
    "produto": 51,
    "tipo": "entrada",
    "quantidade": "100.00",
    "referencia": "Entrada por Compra #2",
    "criado_por": 1,
    "movimento_origem": null,
    "criado_em": "2026-06-05T12:12:28.193Z"
  }
},
{
  "model": "estoque.movimentoestoque",
  "pk": 64,
  "fields": {
    "hotel": 4,
    "produto": 52,
    "tipo": "entrada",
    "quantidade": "50.00",
    "referencia": "Entrada por Compra #2",
    "criado_por": 1,
    "movimento_origem": null,
    "criado_em": "2026-06-05T12:12:28.205Z"
  }
},
{
  "model": "estoque.movimentoestoque",
  "pk": 65,
  "fields": {
    "hotel": 4,
    "produto": 53,
    "tipo": "entrada",
    "quantidade": "100.00",
    "referencia": "Entrada por Compra #2",
    "criado_por": 1,
    "movimento_origem": null,
    "criado_em": "2026-06-05T12:12:28.217Z"
  }
},
{
  "model": "estoque.movimentoestoque",
  "pk": 66,
  "fields": {
    "hotel": 4,
    "produto": 55,
    "tipo": "entrada",
    "quantidade": "20.00",
    "referencia": "Entrada por Compra #3",
    "criado_por": 1,
    "movimento_origem": null,
    "criado_em": "2026-06-05T12:12:28.253Z"
  }
},
{
  "model": "estoque.movimentoestoque",
  "pk": 67,
  "fields": {
    "hotel": 4,
    "produto": 56,
    "tipo": "entrada",
    "quantidade": "200.00",
    "referencia": "Entrada por Compra #3",
    "criado_por": 1,
    "movimento_origem": null,
    "criado_em": "2026-06-05T12:12:28.265Z"
  }
},
{
  "model": "estoque.movimentoestoque",
  "pk": 68,
  "fields": {
    "hotel": 4,
    "produto": 47,
    "tipo": "entrada",
    "quantidade": "120.00",
    "referencia": "Entrada por Compra #4",
    "criado_por": 1,
    "movimento_origem": null,
    "criado_em": "2026-06-05T12:12:28.286Z"
  }
},
{
  "model": "estoque.movimentoestoque",
  "pk": 69,
  "fields": {
    "hotel": 4,
    "produto": 48,
    "tipo": "entrada",
    "quantidade": "120.00",
    "referencia": "Entrada por Compra #4",
    "criado_por": 1,
    "movimento_origem": null,
    "criado_em": "2026-06-05T12:12:28.297Z"
  }
},
{
  "model": "estoque.movimentoestoque",
  "pk": 70,
  "fields": {
    "hotel": 4,
    "produto": 50,
    "tipo": "entrada",
    "quantidade": "80.00",
    "referencia": "Entrada por Compra #4",
    "criado_por": 1,
    "movimento_origem": null,
    "criado_em": "2026-06-05T12:12:28.306Z"
  }
},
{
  "model": "estoque.movimentoestoque",
  "pk": 71,
  "fields": {
    "hotel": 4,
    "produto": 53,
    "tipo": "entrada",
    "quantidade": "150.00",
    "referencia": "Entrada por Compra #5",
    "criado_por": 1,
    "movimento_origem": null,
    "criado_em": "2026-06-05T12:12:28.331Z"
  }
},
{
  "model": "estoque.movimentoestoque",
  "pk": 72,
  "fields": {
    "hotel": 4,
    "produto": 54,
    "tipo": "entrada",
    "quantidade": "100.00",
    "referencia": "Entrada por Compra #5",
    "criado_por": 1,
    "movimento_origem": null,
    "criado_em": "2026-06-05T12:12:28.343Z"
  }
},
{
  "model": "estoque.movimentoestoque",
  "pk": 73,
  "fields": {
    "hotel": 4,
    "produto": 58,
    "tipo": "entrada",
    "quantidade": "20.00",
    "referencia": "Entrada por Compra #6",
    "criado_por": 1,
    "movimento_origem": null,
    "criado_em": "2026-06-05T12:12:28.367Z"
  }
},
{
  "model": "estoque.movimentoestoque",
  "pk": 74,
  "fields": {
    "hotel": 4,
    "produto": 59,
    "tipo": "entrada",
    "quantidade": "10.00",
    "referencia": "Entrada por Compra #6",
    "criado_por": 1,
    "movimento_origem": null,
    "criado_em": "2026-06-05T12:12:28.380Z"
  }
},
{
  "model": "estoque.movimentoestoque",
  "pk": 75,
  "fields": {
    "hotel": 4,
    "produto": 60,
    "tipo": "entrada",
    "quantidade": "15.00",
    "referencia": "Entrada por Compra #6",
    "criado_por": 1,
    "movimento_origem": null,
    "criado_em": "2026-06-05T12:12:28.393Z"
  }
},
{
  "model": "estoque.movimentoestoque",
  "pk": 76,
  "fields": {
    "hotel": 4,
    "produto": 46,
    "tipo": "entrada",
    "quantidade": "60.00",
    "referencia": "Entrada por Compra #7",
    "criado_por": 1,
    "movimento_origem": null,
    "criado_em": "2026-06-05T12:12:28.417Z"
  }
},
{
  "model": "estoque.movimentoestoque",
  "pk": 77,
  "fields": {
    "hotel": 4,
    "produto": 50,
    "tipo": "entrada",
    "quantidade": "100.00",
    "referencia": "Entrada por Compra #7",
    "criado_por": 1,
    "movimento_origem": null,
    "criado_em": "2026-06-05T12:12:28.429Z"
  }
},
{
  "model": "estoque.movimentoestoque",
  "pk": 78,
  "fields": {
    "hotel": 4,
    "produto": 56,
    "tipo": "entrada",
    "quantidade": "300.00",
    "referencia": "Entrada por Compra #9",
    "criado_por": 1,
    "movimento_origem": null,
    "criado_em": "2026-06-05T12:12:28.465Z"
  }
},
{
  "model": "estoque.movimentoestoque",
  "pk": 79,
  "fields": {
    "hotel": 4,
    "produto": 57,
    "tipo": "entrada",
    "quantidade": "200.00",
    "referencia": "Entrada por Compra #9",
    "criado_por": 1,
    "movimento_origem": null,
    "criado_em": "2026-06-05T12:12:28.480Z"
  }
},
{
  "model": "estoque.movimentoestoque",
  "pk": 80,
  "fields": {
    "hotel": 4,
    "produto": 49,
    "tipo": "entrada",
    "quantidade": "30.00",
    "referencia": "Entrada por Compra #10",
    "criado_por": 1,
    "movimento_origem": null,
    "criado_em": "2026-06-05T12:12:28.509Z"
  }
},
{
  "model": "estoque.movimentoestoque",
  "pk": 81,
  "fields": {
    "hotel": 4,
    "produto": 47,
    "tipo": "entrada",
    "quantidade": "80.00",
    "referencia": "Entrada por Compra #10",
    "criado_por": 1,
    "movimento_origem": null,
    "criado_em": "2026-06-05T12:12:28.522Z"
  }
},
{
  "model": "estoque.movimentoestoque",
  "pk": 82,
  "fields": {
    "hotel": 4,
    "produto": 51,
    "tipo": "entrada",
    "quantidade": "120.00",
    "referencia": "Entrada por Compra #11",
    "criado_por": 3,
    "movimento_origem": null,
    "criado_em": "2026-06-05T12:57:46.504Z"
  }
},
{
  "model": "estoque.movimentoestoque",
  "pk": 83,
  "fields": {
    "hotel": 4,
    "produto": 52,
    "tipo": "entrada",
    "quantidade": "60.00",
    "referencia": "Entrada por Compra #11",
    "criado_por": 3,
    "movimento_origem": null,
    "criado_em": "2026-06-05T12:57:46.515Z"
  }
},
{
  "model": "estoque.movimentoestoque",
  "pk": 84,
  "fields": {
    "hotel": 4,
    "produto": 47,
    "tipo": "saida",
    "quantidade": "10.00",
    "referencia": "teste",
    "criado_por": 3,
    "movimento_origem": null,
    "criado_em": "2026-06-05T13:33:28.811Z"
  }
},
{
  "model": "estoque.movimentoestoque",
  "pk": 85,
  "fields": {
    "hotel": 4,
    "produto": 47,
    "tipo": "entrada",
    "quantidade": "10.00",
    "referencia": "Reversăo da Saída #84",
    "criado_por": 3,
    "movimento_origem": 84,
    "criado_em": "2026-06-05T13:33:39.230Z"
  }
},
{
  "model": "estoque.movimentoestoque",
  "pk": 86,
  "fields": {
    "hotel": 4,
    "produto": 47,
    "tipo": "saida",
    "quantidade": "10.00",
    "referencia": "Re-lançamento da Saída #84 (Ref: #85)",
    "criado_por": 3,
    "movimento_origem": 85,
    "criado_em": "2026-06-05T13:38:58.948Z"
  }
},
{
  "model": "estoque.movimentoestoque",
  "pk": 87,
  "fields": {
    "hotel": 4,
    "produto": 47,
    "tipo": "entrada",
    "quantidade": "10.00",
    "referencia": "Reversăo da Saída #86",
    "criado_por": 3,
    "movimento_origem": 86,
    "criado_em": "2026-06-05T13:42:33.685Z"
  }
},
{
  "model": "estoque.movimentoestoque",
  "pk": 88,
  "fields": {
    "hotel": 4,
    "produto": 47,
    "tipo": "saida",
    "quantidade": "10.00",
    "referencia": "Re-lançamento da Saída #86 (Ref: #87)",
    "criado_por": 3,
    "movimento_origem": 87,
    "criado_em": "2026-06-05T13:42:42.583Z"
  }
},
{
  "model": "estoque.movimentoestoque",
  "pk": 89,
  "fields": {
    "hotel": 4,
    "produto": 47,
    "tipo": "entrada",
    "quantidade": "10.00",
    "referencia": "Reversăo da Saída #88",
    "criado_por": 3,
    "movimento_origem": 88,
    "criado_em": "2026-06-05T13:46:09.733Z"
  }
},
{
  "model": "estoque.movimentoestoque",
  "pk": 90,
  "fields": {
    "hotel": 4,
    "produto": 47,
    "tipo": "saida",
    "quantidade": "10.00",
    "referencia": "Re-lançamento da Saída #88 (Ref: #89)",
    "criado_por": 3,
    "movimento_origem": 89,
    "criado_em": "2026-06-05T13:46:20.335Z"
  }
},
{
  "model": "estoque.movimentoestoque",
  "pk": 91,
  "fields": {
    "hotel": 4,
    "produto": 47,
    "tipo": "entrada",
    "quantidade": "10.00",
    "referencia": "Reversăo da Saída #90",
    "criado_por": 3,
    "movimento_origem": 90,
    "criado_em": "2026-06-05T13:49:41.141Z"
  }
},
{
  "model": "estoque.movimentoestoque",
  "pk": 92,
  "fields": {
    "hotel": 4,
    "produto": 47,
    "tipo": "saida",
    "quantidade": "10.00",
    "referencia": "Re-lançamento da Saída #90 (Ref: #91)",
    "criado_por": 3,
    "movimento_origem": 91,
    "criado_em": "2026-06-05T13:49:54.781Z"
  }
},
{
  "model": "estoque.movimentoestoque",
  "pk": 93,
  "fields": {
    "hotel": 4,
    "produto": 47,
    "tipo": "entrada",
    "quantidade": "10.00",
    "referencia": "Reversăo da Saída #92",
    "criado_por": 3,
    "movimento_origem": 92,
    "criado_em": "2026-06-05T16:07:08.719Z"
  }
},
{
  "model": "estoque.movimentoestoque",
  "pk": 94,
  "fields": {
    "hotel": 4,
    "produto": 47,
    "tipo": "saida",
    "quantidade": "10.00",
    "referencia": "Re-lançamento da Saída #92 (Ref: #93)",
    "criado_por": 3,
    "movimento_origem": 93,
    "criado_em": "2026-06-05T16:12:16.846Z"
  }
},
{
  "model": "estoque.movimentoestoque",
  "pk": 95,
  "fields": {
    "hotel": 4,
    "produto": 47,
    "tipo": "entrada",
    "quantidade": "10.00",
    "referencia": "Reversăo da Saída #94",
    "criado_por": 3,
    "movimento_origem": 94,
    "criado_em": "2026-06-05T16:12:26.777Z"
  }
}
]
